국적,목적,2015년06월,2015년07월,2015년08월,2015년09월,2015년10월,2015년11월,2015년12월,2016년01월,2016년02월,2016년03월,2016년04월,2016년05월,2016년06월,2016년07월,2016년08월,2016년09월,2016년10월,2016년11월,2016년12월,2017년01월,2017년02월,2017년03월,2017년04월,2017년05월,2017년06월,2017년07월,2017년08월,2017년09월,2017년10월,2017년11월,2017년12월,2018년01월,2018년02월,2018년03월,2018년04월,2018년05월,2018년06월,2018년07월,2018년08월,2018년09월,2018년10월,2018년11월,2018년12월,2019년01월,2019년02월,2019년03월,2019년04월,2019년05월,2019년06월,2019년07월,2019년08월,2019년09월,2019년10월,2019년11월,2019년12월,2020년01월,2020년02월,2022년07월,2022년08월,2022년09월,2022년10월,2022년11월,2022년12월,2023년01월,2023년02월,2023년03월,2023년04월,2023년05월,2023년06월,2023년07월,2023년08월,2023년09월,2023년10월,2023년11월,2023년12월,2024년01월,2024년02월,2024년03월,2024년04월,2024년05월,2024년06월,2024년07월,2024년08월,2024년09월,2024년10월,2024년11월,2024년12월,2025년01월,2025년02월,2025년03월,2025년04월,2025년05월
,,인원(명),인원(명),인원(명),인원(명),인원(명),인원(명),인원(명),인원(명),인원(명),인원(명),인원(명),인원(명),인원(명),인원(명),인원(명),인원(명),인원(명),인원(명),인원(명),인원(명),인원(명),인원(명),인원(명),인원(명),인원(명),인원(명),인원(명),인원(명),인원(명),인원(명),인원(명),인원(명),인원(명),인원(명),인원(명),인원(명),인원(명),인원(명),인원(명),인원(명),인원(명),인원(명),인원(명),인원(명),인원(명),인원(명),인원(명),인원(명),인원(명),인원(명),인원(명),인원(명),인원(명),인원(명),인원(명),인원(명),인원(명),인원(명),인원(명),인원(명),인원(명),인원(명),인원(명),인원(명),인원(명),인원(명),인원(명),인원(명),인원(명),인원(명),인원(명),인원(명),인원(명),인원(명),인원(명),인원(명),인원(명),인원(명),인원(명),인원(명),인원(명),인원(명),인원(명),인원(명),인원(명),인원(명),인원(명),인원(명),인원(명),인원(명),인원(명),인원(명)
일  본,관광,93726,74890,137125,150080,172411,158383,154643,129290,136324,217623,169211,171675,173883,179569,215859,200876,220409,206968,191412,146111,177671,267416,159263,151502,161395,163712,216683,213446,171182,207088,187745,159174,159831,287578,207727,220375,228667,224273,306108,240457,283494,293965,252461,198805,204697,367157,283101,279174,275286,267816,318985,242475,241484,251663,248793,194840,205007,7737,20324,23413,63905,59089,81012,61766,89217,187833,124741,178728,192316,206914,256082,245965,250235,272686,191892,137713,177633,334131,225182,272974,253497,237907,315309,304277,317845,334850,245072,168284,216891,377064,252679,284722
일  본,상용,1770,1820,2491,2261,2064,2030,1734,2617,2323,2022,1779,2246,1960,1981,2273,2357,1963,1931,1768,2948,1677,2042,1604,2395,1739,1955,2261,1535,2613,1897,1706,2357,1966,1896,1707,2214,1752,1833,2076,2182,1877,1810,1698,2233,2125,2108,1584,2019,1901,1855,2195,2362,1897,1876,1738,2804,1162,2131,1550,1504,1492,1386,1155,1859,1084,1541,1317,1538,1310,1218,1269,756,1406,919,876,1352,1153,1073,902,1183,1122,1076,1305,1437,1240,1153,1044,1490,1447,1292,958,1404
일  본,공용,149,118,131,147,280,533,88,139,80,156,153,89,167,139,183,159,291,150,115,91,103,121,118,109,106,118,198,220,229,170,132,138,144,214,117,115,116,203,136,208,557,159,161,127,119,126,126,91,136,149,165,211,438,187,166,141,64,41,49,64,60,72,36,80,72,87,135,204,132,169,125,196,144,579,144,133,119,158,132,158,235,173,187,268,189,679,156,158,135,207,168,159
일  본,유학연수,504,370,1788,694,251,393,411,762,1892,598,204,499,473,471,1974,739,315,431,432,776,1934,805,339,670,635,521,2189,675,612,486,480,842,1898,890,300,568,709,567,2220,1049,404,514,608,785,2084,1231,333,715,771,694,2957,1137,556,813,769,1035,1536,351,2910,1143,248,562,820,978,2702,972,256,905,771,796,3186,1161,455,694,700,1196,2775,935,300,971,687,786,3202,1179,456,838,742,1244,2755,1255,375,1100
일  본,기타,5057,4550,7097,4131,5342,3346,3001,4076,3874,3929,3936,4226,3709,4034,5167,4628,4171,3731,3482,4936,3647,4094,4424,4703,3910,4328,5404,4092,5025,3819,3642,4572,4402,3898,4002,3958,4049,3636,4485,3951,4136,3530,3593,4576,4175,4497,4948,4274,4382,4316,5350,4934,4166,3983,3890,5149,3430,1529,1649,1436,1454,1313,1152,2217,1318,1885,1860,2316,1983,2371,2791,2024,2852,3444,2257,2758,2319,2445,2736,3137,2890,3011,3462,3491,3536,3678,3532,3541,3254,3494,3723,4241
인  도,관광,2151,2054,2372,2405,3290,2577,2052,2076,1691,2306,2458,4430,3039,2652,2403,2969,3190,3155,2568,2174,1919,2506,2846,3212,3087,2651,2597,2970,2984,2766,2593,2150,1968,2694,3281,3562,3501,3231,3092,3680,4147,3618,3090,2318,2372,3051,4088,4483,4892,3509,3870,4111,4403,4149,3697,2391,2061,2695,2895,3109,3852,3113,2526,1394,1217,2708,3761,4262,3841,3938,3498,4077,8571,3819,3058,2037,1886,4422,5441,5514,4917,3431,3874,5307,5739,4207,3655,2862,2651,5336,8687,7762
인  도,상용,1671,1834,2485,2477,2785,2446,1684,2234,1906,2527,2577,2517,2347,2395,2404,2438,2762,2809,1945,2285,2315,2727,2595,2771,2207,2452,2445,2797,2569,2851,2047,2374,1973,2807,3003,3029,2577,2803,2722,2967,3492,2928,2215,2656,2303,3283,3039,2896,3084,2828,2850,3152,2692,3386,2183,2094,972,1439,1357,1514,1642,2097,1156,1056,1188,1611,1679,1949,1705,1757,1773,1809,2291,2048,1344,1526,1460,2198,2318,2474,1982,1857,2124,2200,2101,2279,1442,1198,1946,2133,1989,2207
인  도,공용,150,43,65,84,202,87,20,30,22,32,36,76,39,108,45,128,65,43,35,32,62,35,40,54,125,38,112,99,74,57,55,34,26,55,84,70,105,55,158,68,78,51,26,46,102,52,53,99,194,51,114,146,85,115,88,56,19,37,18,50,35,52,29,36,18,17,26,62,69,72,44,57,76,42,24,49,33,47,51,75,81,32,72,61,78,61,21,63,35,36,48,39
인  도,유학연수,53,90,236,92,36,57,36,137,353,115,47,62,53,105,247,126,54,64,69,134,344,160,61,65,110,145,291,214,121,68,99,174,354,213,61,75,102,150,319,186,84,79,65,177,360,197,75,92,121,142,341,186,84,100,100,166,284,87,397,179,50,78,75,159,428,206,35,70,98,141,444,148,81,92,103,178,560,216,58,80,142,164,521,231,78,146,105,199,548,331,54,112
인  도,기타,7878,4530,26303,9092,9163,6477,5071,5835,6258,8879,8836,13477,13117,15026,14954,15448,12210,9767,8215,7836,7806,6377,3976,5338,4001,4841,4500,3691,4275,3084,2730,2689,2772,3594,4212,4889,4061,3690,4319,4492,4882,3571,3044,3474,3172,4063,5678,6288,4958,3902,9826,5121,5896,4434,4140,4542,2503,2398,2492,2375,2389,2913,1833,1836,1813,3885,4221,4440,5790,5144,5324,4911,8351,5476,4678,6052,5508,9560,9830,10073,10571,8852,9143,9272,8595,6234,5447,6461,6406,8246,10418,12136
베트남,관광,5114,3654,5973,8104,12238,10909,6775,4237,8555,10982,17410,11357,18083,17517,12869,16007,22355,16928,11113,8207,7225,16221,24126,17001,23271,23099,18689,19674,29146,20383,13633,7641,11936,20998,41296,24089,37230,35691,25161,25872,44406,30792,17814,10739,20071,32117,51939,32528,45005,39404,28562,28210,53659,31444,18158,18058,9197,7224,9221,10195,21853,17191,12203,9424,6377,18313,28227,16793,21175,23431,20534,21688,32644,26368,17386,10446,14293,23072,34213,21551,29154,27398,24827,22599,33556,24478,16555,12781,10817,19115,28853,21015
베트남,상용,379,298,342,377,591,450,370,259,178,525,630,487,482,554,517,505,621,538,478,249,274,612,690,613,597,643,679,902,1059,1361,1586,1454,833,1363,1451,1207,1224,1326,1253,1313,1561,1375,1184,763,806,1047,1271,1073,1098,1049,1020,1064,1226,1334,1136,747,626,708,628,698,864,801,491,278,456,557,589,565,577,544,424,395,679,545,393,334,247,409,355,305,368,319,308,235,440,359,229,144,336,310,317,316
베트남,공용,135,136,187,345,497,466,250,38,52,131,222,197,267,275,329,379,638,359,263,65,73,161,275,228,313,413,279,500,507,438,266,116,51,192,319,412,344,319,249,466,641,577,352,110,98,186,283,368,542,348,245,530,630,632,295,54,49,80,136,341,340,334,231,22,61,105,239,230,200,199,206,372,708,448,203,41,44,168,224,189,435,283,293,355,455,392,210,32,90,104,142,194
베트남,유학연수,421,458,1156,729,363,455,627,654,2499,1659,502,706,984,1008,1794,2200,516,670,2371,711,3456,2970,839,1658,2122,1566,2305,3002,1720,1561,2914,1471,4582,6696,1551,1858,3463,2563,3348,3736,2081,2187,3953,1667,9324,5394,1284,2338,3490,3062,4152,5577,1604,3116,4005,3122,9647,5003,5951,3785,1328,1414,2688,4206,11159,6428,1414,2059,4622,4317,4907,4600,1325,1651,5388,2634,11902,9573,1284,2473,5317,5172,5704,7482,1505,3312,8151,2148,17304,12359,1452,3168
베트남,기타,4791,4626,4795,4497,5051,3977,3794,3655,6520,5357,5691,5443,4777,5186,5151,4830,4428,4057,4407,3961,7993,5195,5394,5779,5385,5807,5620,4722,6040,4952,5610,5603,7106,8407,6110,6110,6034,6411,7074,6094,6691,5640,6541,6904,11882,8247,8392,8109,8204,8658,9604,8236,7701,6664,7127,8251,10794,5852,8734,7765,7625,7573,8034,7691,10775,9526,10171,9775,9274,9911,13469,9610,10670,8027,8358,7942,13188,15499,17262,14260,12049,12110,15887,14009,12579,11963,11024,9817,22766,20986,22028,16872
미얀마,관광,1147,1046,1078,1305,1494,1237,1238,1068,1067,1249,1963,1242,1468,1218,1088,1405,1627,1424,1556,1014,1172,1534,2041,1400,1393,1436,1353,1522,1395,1335,1841,1179,1294,1513,2598,1669,1459,1821,1293,1583,1698,1421,1405,1304,1107,2026,2716,1990,1621,1657,1373,1832,1935,1752,1964,1273,1271,1620,1297,1298,1961,1623,1675,850,668,984,995,837,863,825,738,1000,1079,989,880,746,794,974,1302,1059,887,876,855,1278,1755,1607,1620,1096,1170,1594,1924,1466
미얀마,상용,16,22,18,24,20,31,17,29,11,22,23,15,21,20,18,19,20,12,14,13,8,17,16,13,17,16,6,13,11,12,13,6,9,20,5,10,11,12,9,13,11,15,8,10,13,17,13,17,15,12,9,19,18,15,8,9,7,47,19,41,55,25,17,40,38,49,60,42,39,54,30,55,39,39,21,16,22,33,30,18,26,24,30,20,36,27,23,18,25,39,27,42
미얀마,공용,59,55,80,114,129,117,41,44,48,46,42,107,112,149,65,182,147,119,75,28,37,40,62,74,81,101,52,154,108,106,49,21,12,91,65,121,80,76,66,133,194,109,21,31,25,52,62,83,154,114,80,255,214,180,40,47,19,5,11,27,29,49,6,3,9,13,22,25,19,32,22,64,56,57,26,2,13,13,15,34,26,16,33,29,33,19,23,5,8,11,23,22
미얀마,유학연수,17,26,114,34,14,25,33,32,141,36,9,21,26,31,139,46,12,20,31,46,132,72,16,19,27,43,188,59,32,32,46,45,190,96,20,21,39,60,185,71,14,34,45,67,231,102,17,33,71,72,212,93,22,39,70,98,186,94,365,331,44,75,292,123,348,442,35,230,261,113,465,610,56,362,408,155,591,551,71,463,424,214,704,727,41,90,619,353,488,822,74,208
미얀마,기타,3156,3055,3339,3440,3748,3492,3926,4119,3825,4047,3880,4759,4808,4043,4248,4083,4110,3800,4457,4420,4438,5016,3763,4336,4449,3942,3901,4266,4044,3706,4430,4737,3800,4372,4672,4662,4326,4340,3699,3709,4166,3727,4013,3877,3991,4824,4464,4433,4442,3566,3849,4335,3687,3674,4818,4227,2836,4888,4927,4262,5117,3700,2154,2193,2208,3760,3050,3316,3589,3967,4268,3537,3985,3348,4481,4232,4087,4216,3935,4874,4906,5038,6427,5459,5102,4797,4297,4301,5185,4557,4829,5837
몽  골,관광,6932,4728,4225,4855,6376,6657,5032,5357,4444,4633,4233,5047,6639,5581,4507,4550,5762,5542,6414,7132,6061,6446,5773,5297,8454,6903,4887,6607,8541,10241,7918,9316,7050,8692,6634,6521,7718,7420,7134,8307,9179,8046,6731,8358,6670,6691,6389,6742,7647,6941,5984,8120,9834,9020,8531,10081,5210,4079,4824,6278,7109,8903,10516,11179,8365,10051,9056,8808,11615,8958,7691,8601,8820,9498,9083,10304,6533,8126,8193,9035,10557,9235,7042,9683,11129,9256,10241,12622,8132,10600,11644,9858
몽  골,상용,90,74,101,116,102,111,104,113,103,117,82,111,106,83,110,107,123,88,101,111,82,107,106,89,91,71,112,114,134,118,100,101,84,101,72,97,59,72,100,89,119,106,82,77,109,119,83,95,74,78,106,122,84,73,65,83,42,43,71,60,30,37,32,45,41,47,38,41,51,43,83,57,62,56,36,67,71,61,51,52,77,70,102,83,68,69,65,76,50,86,53,62
몽  골,공용,145,192,225,222,344,380,289,183,280,301,280,291,224,214,220,219,288,293,324,231,244,300,274,275,233,194,207,310,295,391,285,313,314,345,347,346,318,299,249,284,327,423,287,304,314,383,299,283,284,233,228,315,421,425,299,359,264,132,133,185,270,246,178,179,164,240,190,235,192,130,175,258,313,282,252,232,165,280,262,257,189,184,171,271,312,328,256,204,213,279,276,198
몽  골,유학연수,198,252,866,581,226,187,269,361,825,481,166,221,402,379,1099,927,165,218,597,404,526,1053,149,238,523,417,1185,1421,356,288,745,441,846,924,155,351,516,580,1503,1321,314,399,552,484,1152,967,248,390,584,740,1762,1155,271,408,535,840,427,872,2053,1678,196,413,885,594,975,1541,188,403,745,1094,2270,2172,391,470,1113,1036,2152,1373,325,738,1100,1665,3856,3022,373,908,1268,1692,1851,2983,381,807
몽  골,기타,465,500,908,583,449,328,280,510,585,415,495,343,411,551,1027,723,405,347,442,642,373,721,469,446,481,716,1035,902,968,414,710,622,607,602,399,478,512,699,1432,1099,790,490,550,562,931,564,563,504,655,774,1546,1188,611,593,612,960,456,766,1668,714,397,387,366,588,455,533,437,522,584,889,1548,721,778,678,592,826,1115,766,625,686,655,1261,1793,1356,590,837,499,893,918,899,642,734
스리랑카,관광,202,184,281,325,385,276,150,130,170,234,267,563,263,228,375,436,270,191,163,181,170,220,318,346,309,248,354,446,397,221,167,156,154,242,255,367,336,241,356,430,398,296,197,157,241,177,313,251,245,241,401,351,467,308,211,119,146,140,154,360,302,282,184,93,104,134,186,293,212,353,180,365,379,233,167,152,160,175,298,361,333,368,331,549,416,321,305,296,211,321,546,346
스리랑카,상용,42,32,62,73,70,87,51,49,58,80,68,80,60,55,72,89,99,88,32,44,72,71,65,102,64,64,61,74,60,83,57,38,52,71,81,60,99,49,51,67,75,83,54,54,52,53,72,64,76,54,47,81,82,73,47,26,26,17,25,29,35,49,20,9,22,22,27,27,31,14,12,24,37,49,23,26,24,51,29,58,30,43,29,55,57,38,24,28,29,52,36,37
스리랑카,공용,1,3,5,2,3,8,3,1,0,11,0,4,5,9,6,13,5,6,3,3,3,4,3,6,23,10,22,12,9,87,4,5,10,13,11,6,15,16,9,10,4,7,1,5,0,11,6,2,5,3,7,8,5,1,2,2,0,6,1,11,1,4,2,0,1,2,4,4,5,0,0,2,2,4,2,5,1,4,16,3,3,1,5,13,3,6,5,5,1,1,2,5
스리랑카,유학연수,31,25,61,48,23,38,10,48,35,49,15,20,38,37,59,80,10,7,23,21,48,34,11,24,17,34,71,29,15,11,10,32,48,26,10,15,14,24,71,34,12,12,6,28,48,28,8,7,14,38,84,22,7,6,7,27,37,14,77,12,13,23,15,24,76,37,4,13,12,14,97,58,15,9,11,32,85,117,12,19,32,25,125,124,15,16,51,59,134,211,15,39
스리랑카,기타,1226,1204,1009,1084,1091,759,1193,1246,953,985,1474,2752,2047,1816,1054,1168,940,718,1032,1004,972,1127,1029,1288,1527,1009,1050,1348,1104,619,896,1269,889,1139,1043,1244,1466,1195,1136,1179,1253,647,822,1043,1175,1225,1079,1214,1479,1019,1377,1641,888,682,1046,1203,879,1243,1036,1425,1559,1999,1550,1390,1429,1801,1105,1519,1547,1216,1663,1753,1618,970,2001,2086,2043,2088,1616,2312,1579,1938,2452,2045,1516,1603,1437,2067,2223,1974,1643,1986
파키스탄,관광,267,235,340,343,460,420,296,251,210,314,263,473,264,297,350,364,429,393,290,170,210,277,283,339,253,348,282,324,357,259,223,228,244,344,307,388,434,412,379,361,464,435,276,238,257,285,361,290,356,389,315,323,382,361,404,229,221,165,156,234,284,218,163,152,126,177,170,210,245,220,258,271,390,291,256,219,215,189,315,364,395,430,329,471,454,404,277,235,227,212,361,293
파키스탄,상용,232,141,269,242,329,269,246,196,203,295,263,325,193,230,256,208,360,261,193,219,254,334,289,344,212,349,281,280,405,327,291,274,257,349,370,317,242,299,236,319,296,233,244,178,290,233,315,180,228,212,181,310,258,224,166,166,150,151,184,127,120,105,72,84,91,129,73,142,72,113,126,136,204,166,141,171,176,156,183,185,152,238,220,218,203,155,171,107,168,111,181,124
파키스탄,공용,19,10,14,48,52,34,22,7,5,6,12,27,22,10,18,17,40,20,11,22,43,32,28,32,32,14,51,50,50,22,12,6,13,40,8,36,26,30,8,24,28,23,5,10,11,14,36,19,29,27,22,29,17,23,20,23,22,7,13,15,27,20,10,7,4,7,16,42,13,11,16,27,45,30,29,10,4,5,29,33,30,20,9,45,22,27,12,8,22,2,14,21
파키스탄,유학연수,37,44,238,96,55,27,31,105,284,108,38,33,26,79,267,113,46,35,47,106,378,153,43,42,27,126,252,147,84,49,61,166,408,245,48,56,50,125,277,259,67,68,61,193,463,256,66,62,61,114,340,321,64,79,81,181,236,68,254,201,29,33,41,106,281,205,18,47,57,119,250,208,49,49,61,134,378,214,53,40,52,133,385,230,60,62,78,160,393,326,75,72
파키스탄,기타,329,171,377,230,379,379,353,402,368,490,371,366,338,259,365,294,373,297,337,383,456,496,428,309,230,351,290,377,421,260,334,482,379,475,399,346,359,339,270,366,365,256,367,413,418,494,440,303,305,345,333,476,289,324,488,415,408,409,427,389,1129,559,539,430,503,592,456,519,546,494,593,395,654,394,681,678,840,677,597,637,607,651,816,639,395,491,459,552,762,454,611,557
방글라데시,관광,154,160,170,238,244,248,146,157,92,157,201,865,245,205,318,312,265,241,145,116,166,214,228,327,213,282,271,333,323,206,187,214,217,207,311,320,251,309,320,250,288,285,175,149,228,206,275,242,237,221,381,302,337,270,289,189,115,214,217,269,237,354,214,111,89,120,172,200,192,720,341,258,375,355,252,183,139,114,247,287,248,196,233,327,351,357,239,227,194,226,515,298
방글라데시,상용,109,110,93,125,194,205,108,131,111,155,153,167,89,142,127,161,199,175,131,119,135,178,198,166,112,159,124,149,194,143,181,121,100,150,161,132,122,127,102,139,184,187,136,126,83,148,137,102,144,135,142,167,179,163,148,110,85,56,57,68,74,80,29,38,51,51,57,82,59,56,68,70,141,100,62,68,56,52,95,98,83,72,79,82,115,106,80,69,72,57,73,82
방글라데시,공용,39,36,47,60,101,127,44,14,27,23,69,78,48,53,64,51,98,66,51,11,18,33,90,59,43,43,28,153,73,79,38,53,58,47,86,83,108,98,72,116,121,110,30,27,38,107,125,106,93,119,89,102,197,112,94,19,25,20,29,83,64,79,14,7,22,24,22,47,44,136,62,63,118,73,41,19,25,17,51,65,65,33,63,70,36,46,39,19,31,22,68,41
방글라데시,유학연수,17,38,158,59,40,24,16,92,212,58,13,17,21,50,164,70,26,16,17,45,200,110,35,13,28,65,185,104,52,23,29,105,220,140,16,24,47,68,200,128,43,42,55,97,265,230,49,30,41,72,271,185,46,66,52,95,149,62,301,150,18,21,20,106,297,326,18,47,36,141,364,291,51,40,60,175,524,355,39,54,59,143,565,463,46,78,90,187,556,455,72,42
방글라데시,기타,472,483,553,553,642,524,741,550,472,647,606,504,725,482,619,561,693,525,446,495,641,689,557,486,490,646,694,720,973,575,836,738,647,948,649,609,727,761,856,951,921,646,820,848,1042,1013,732,745,745,649,985,1124,956,675,1014,886,622,962,1355,825,835,1328,1507,1040,983,1241,892,1369,827,1087,1373,895,1551,834,1340,1210,1567,1479,1176,1471,965,1730,2068,1650,1218,1148,1250,1267,1812,1070,1143,1362
중  국,관광,223101,172075,372990,453670,518651,409635,381722,456636,424232,500018,601460,614636,671493,823016,747818,611538,588561,452082,456882,489256,458952,263788,158784,172527,181507,207099,226153,229172,244541,223743,260983,236825,237075,281020,283533,284317,303405,332657,360982,326438,382922,327664,345135,320113,324291,369165,410542,413949,395196,439699,451570,432018,476460,426849,433577,393336,49520,5960,5986,8107,9311,10331,15719,12343,8813,29883,75815,87807,128482,179763,174012,199800,183449,172299,209361,233052,248966,305028,351071,326583,333707,395344,395471,329446,321087,234668,249519,309690,231612,326978,378953,405588
중  국,상용,2356,3200,4440,4491,5031,5030,4302,3723,3160,4505,4605,5247,4492,4103,4352,3861,4535,4795,3785,2813,3724,3868,3546,3926,3513,3508,3566,3600,3615,3746,3436,3363,2356,3331,3682,3847,3397,3687,3538,3834,4008,3931,3283,2993,2694,3933,3575,4034,3743,3587,3625,3873,3967,4020,3951,2813,715,759,795,966,1273,1377,1026,845,1340,2409,2380,2858,2472,2801,2849,2806,3412,2999,2585,2654,2520,3535,3614,3706,3774,3506,3683,3648,3801,3821,3279,2377,3818,4069,3770,4000
중  국,공용,259,173,250,459,801,679,393,140,100,260,552,604,539,354,270,318,400,356,205,68,116,187,129,96,155,143,230,286,259,240,89,119,284,259,240,323,285,289,295,549,484,525,362,138,143,414,362,534,399,356,388,447,547,545,682,99,11,19,10,76,25,15,64,44,27,222,214,280,219,221,265,236,379,321,240,93,115,237,430,474,540,298,379,382,580,394,224,80,149,269,377,389
중  국,유학연수,8181,5282,30124,14981,5523,6414,8853,4383,38075,16604,5382,9356,10378,7122,35523,18238,6518,7445,11603,5117,42620,19633,6586,14264,12669,8545,40388,15852,17634,8583,10767,7190,34899,30621,9833,13759,11871,9919,39061,25601,10656,9743,10777,8793,38731,32532,9959,14003,14680,10847,44291,25545,12722,12822,13284,10433,20753,1614,14610,9975,1072,1266,2093,2691,22250,16283,3291,8354,6773,7691,39348,19338,12594,9687,9619,7164,35771,31680,10150,16201,11758,10133,46050,28692,13883,15279,12790,7242,41653,35824,11835,20938
중  국,기타,81198,74902,105471,117641,120168,85821,69948,57099,80841,80284,70319,76001,71632,82924,85808,92311,80904,52278,63061,67989,85378,73306,58766,62546,57086,61968,69051,69772,79335,62935,57199,57630,70727,88182,69316,67976,60933,63785,74264,78173,77237,62393,56722,60777,87520,81579,68812,67893,60989,64643,78238,79467,73999,61133,57383,75000,33087,9555,8847,10407,11259,11185,8465,9023,13454,24593,24267,28872,30089,34329,43185,41760,49649,36163,31870,37072,56347,50867,46066,48258,47546,49788,59976,60641,52879,43678,40975,45071,63628,49709,48295,53475
대  만,관광,13892,9232,24095,45182,48039,46464,48484,56752,56092,56515,68043,63833,86427,80041,77303,72407,73306,62989,63245,68286,73874,73095,77848,72213,76552,83332,79663,72932,79902,75062,74306,74322,86022,92453,103752,86712,101277,96238,98229,85584,98567,86476,85697,86393,92276,96643,111505,100004,116323,112231,106682,100888,126421,100595,88881,108623,51881,943,3057,3719,10672,17063,28358,48543,46456,62629,76519,65745,96524,102600,97022,91552,96022,85205,79743,92626,94871,114512,116752,115839,143174,141615,146623,124888,132389,118328,117549,134439,117995,138666,150603,148871
대  만,상용,31,47,38,61,58,53,57,57,63,48,50,58,58,53,67,71,61,60,63,70,64,50,48,64,58,68,68,66,101,79,62,93,75,71,54,90,80,73,88,79,71,62,71,74,105,64,73,84,84,75,73,112,81,89,79,95,52,474,330,343,260,267,224,190,224,285,201,209,180,192,103,70,73,66,73,62,88,51,74,68,72,73,76,86,54,76,78,63,89,82,100,90
대  만,공용,5,9,15,10,5,11,10,9,18,8,10,4,6,27,12,12,14,14,7,17,22,7,20,5,23,22,12,8,17,14,22,18,21,13,17,11,13,18,12,16,17,18,22,22,20,12,13,11,24,22,17,14,10,11,13,20,11,12,1,5,6,10,7,11,8,11,7,12,9,13,10,8,13,12,8,15,13,7,20,7,5,18,13,11,12,9,9,25,14,21,11,10
대  만,유학연수,187,81,678,228,63,99,142,97,686,222,52,154,210,114,777,231,65,130,193,112,749,311,93,242,269,149,1005,196,223,179,216,158,847,398,118,233,297,185,1045,346,102,192,266,180,908,460,147,234,719,184,1088,300,135,225,267,285,393,50,687,148,65,196,178,266,910,257,113,271,223,252,1096,290,198,253,283,248,1055,410,147,372,320,304,1179,403,177,334,380,227,1139,529,213,499
대  만,기타,701,510,796,872,764,836,801,785,1017,1055,996,1119,1021,1224,1322,1125,1070,1017,980,1138,1121,1049,1194,1117,1084,1107,1119,1177,1382,1200,1132,1229,1111,1149,1236,1258,1196,1182,1143,1326,1215,1417,1252,1285,1250,1331,1334,1446,1287,1075,1413,1444,1297,1321,1139,1331,705,277,326,340,355,378,299,467,372,322,347,417,429,509,623,491,539,605,526,638,677,598,613,670,684,711,844,742,801,758,680,680,778,719,686,802
필리핀,관광,7872,6226,6995,9199,13845,13630,13848,9105,10422,17181,17496,16331,12935,11132,9250,12746,20654,16755,19108,11546,11592,16891,28306,20025,17971,13922,12469,16038,25326,22778,23907,14796,14544,25928,29960,24024,19749,14025,12488,16358,32150,29477,28222,14279,15541,21542,43794,29015,22430,13795,13342,18539,37353,26966,28484,15002,12730,8185,6940,9162,16511,14176,18614,8637,7880,12027,19543,12209,14584,11497,10364,13415,23919,21796,24367,12554,12493,29827,27012,21317,24327,15005,13547,19355,36291,33457,35560,20459,19875,27592,40452,30149
필리핀,상용,184,162,285,276,329,296,144,314,222,279,253,301,247,234,229,218,281,249,139,307,265,270,293,275,267,217,218,206,243,208,164,215,221,228,205,206,208,177,195,183,237,181,140,211,171,166,228,201,174,160,144,203,195,172,117,155,69,245,217,198,372,289,160,249,229,410,517,669,420,416,340,393,688,617,310,418,325,547,518,569,532,491,466,535,702,593,372,414,437,640,555,529
필리핀,공용,100,95,115,108,201,139,76,129,82,78,124,122,121,146,120,148,177,118,103,129,68,74,131,166,107,148,135,226,206,169,117,149,61,89,139,170,165,148,150,134,154,181,127,161,57,119,167,176,166,171,157,196,220,203,106,169,89,98,133,91,138,218,108,137,68,114,188,162,270,194,168,197,231,212,143,147,82,135,133,179,235,192,216,179,189,265,146,214,154,143,212,196
필리핀,유학연수,44,62,220,95,76,55,32,204,234,102,31,56,64,81,262,85,38,50,65,202,222,121,37,70,69,105,304,86,86,51,60,168,227,121,37,57,65,97,284,120,47,40,54,184,189,108,45,56,80,121,305,121,55,59,69,211,177,44,293,66,24,33,36,179,206,83,39,50,71,129,334,87,73,74,75,223,278,134,51,75,81,127,336,121,57,76,74,186,283,93,47,94
필리핀,기타,23227,16984,25186,26927,28567,20625,18909,21346,19769,24854,28283,35419,36468,41818,40273,40447,34871,28262,26114,24766,23139,22729,18489,18519,16812,17951,17894,17216,17728,13895,12771,15126,11960,14811,18712,18265,17367,14790,17342,16632,19428,14527,14107,15638,13336,16766,22291,21121,17898,14827,27869,17193,17571,14339,14505,15165,7267,9574,9721,8674,9921,9247,5163,6557,5985,12101,14971,15004,14048,13979,12853,13083,18387,16520,10351,13566,12689,24238,22931,22546,19716,18817,20660,20088,21485,16208,13272,15467,16940,22505,28127,29591
홍  콩,관광,12968,7169,32775,50571,52709,46509,53922,32956,48259,61980,51814,50925,61538,57771,55255,41100,61862,52453,62925,54501,35438,46659,77904,50667,57461,55987,57902,43930,53599,52250,57675,33634,49178,61129,65529,56234,65053,57295,62024,48394,60414,52721,58355,34653,49695,44679,75074,55756,60526,57868,64438,44708,64439,57442,70638,65837,20369,1084,1679,3002,11050,14409,26623,26243,15534,26631,37774,28111,31356,38973,42213,29883,40772,37523,42280,25272,34605,48591,42209,45286,53960,57746,61101,39370,52012,46305,58186,43846,29467,43432,64140,50784
홍  콩,상용,33,40,50,71,62,60,58,64,53,67,58,93,67,36,39,49,52,51,39,34,54,56,34,44,37,32,32,41,49,34,28,44,56,49,46,57,39,49,69,44,58,51,41,59,54,61,47,56,46,50,74,49,63,76,49,51,24,61,33,53,71,74,75,54,49,86,37,50,29,44,44,38,47,45,38,38,41,42,40,33,51,48,46,47,34,53,36,31,52,37,59,40
홍  콩,공용,0,0,2,2,0,1,2,0,1,2,1,0,1,4,0,1,2,0,2,2,0,1,2,4,7,3,4,5,4,5,3,2,2,1,1,3,2,5,1,4,1,2,3,2,3,5,2,2,2,1,6,7,4,5,3,8,2,3,1,0,1,2,5,0,1,2,3,3,3,2,4,1,3,4,2,1,2,2,1,0,2,1,0,3,3,2,3,4,5,4,4,5
홍  콩,유학연수,141,46,324,166,53,85,131,73,396,165,38,126,138,77,408,166,46,116,146,71,423,205,53,133,164,117,417,169,154,131,150,72,427,259,75,123,211,165,432,242,65,141,208,90,489,265,90,147,280,212,474,256,76,208,185,171,284,31,272,93,23,79,122,118,422,164,39,144,157,155,425,187,112,151,148,125,447,233,104,172,161,196,398,281,94,145,178,130,463,275,101,201
홍  콩,기타,807,506,601,1590,824,674,640,534,451,735,788,862,748,786,805,896,984,786,886,916,930,913,1074,1027,921,866,904,878,1156,866,905,919,927,902,882,903,831,859,871,965,935,875,939,1092,1071,1058,891,1065,874,905,966,891,962,869,876,895,287,58,58,77,71,157,321,362,231,272,285,309,329,353,345,315,441,329,309,319,363,367,300,299,275,314,319,332,296,261,267,267,283,282,287,333
태  국,관광,11981,6563,8189,10719,30011,26335,38989,33315,30618,40876,45722,38748,24485,21107,14042,21574,45314,37202,46809,35546,34305,46397,50195,34004,22179,18590,17064,24700,43664,45401,54756,38969,37394,49211,58501,45791,34569,26754,21772,28154,53366,41003,47242,34004,32074,45605,61999,45671,30596,30132,24857,28877,58290,43160,49231,31232,25382,14375,8710,11199,31421,25755,37694,22188,24152,38953,50612,27154,21097,16277,12968,19464,42202,26583,29579,16117,17604,28658,38540,24114,15932,13682,11036,13582,35236,23455,27784,14871,14614,22975,35589,23656
태  국,상용,33,37,38,40,56,45,39,36,31,61,46,62,40,37,35,43,39,30,31,41,32,31,34,37,25,32,45,34,42,36,30,38,53,54,58,41,37,39,44,43,56,46,42,37,56,66,53,61,61,58,50,54,56,46,53,44,32,57,52,75,123,78,62,58,61,67,74,86,70,73,70,73,112,68,83,76,74,102,109,120,91,81,72,93,120,100,86,71,72,95,99,97
태  국,공용,88,75,147,165,219,187,155,80,117,423,145,225,198,183,177,209,225,133,147,109,93,346,126,176,188,225,227,287,178,200,106,82,105,312,205,224,206,249,374,355,222,260,302,199,180,397,401,445,308,230,318,411,344,404,224,110,200,72,70,90,103,109,58,64,191,345,216,659,500,419,383,608,403,350,115,103,246,287,388,506,513,434,402,559,411,427,112,113,246,281,363,525
태  국,유학연수,58,65,274,66,48,62,70,89,296,82,32,51,72,90,345,88,42,68,77,97,334,130,43,64,92,91,351,100,82,87,63,87,300,107,38,58,107,77,362,115,62,66,58,96,332,136,55,71,115,108,423,133,59,94,119,126,185,59,455,129,36,97,114,127,361,158,54,110,114,127,420,170,63,102,123,134,391,217,56,128,181,145,465,170,53,149,127,164,396,265,77,147
태  국,기타,4589,5390,4986,4917,5768,4998,4887,5512,4771,5215,5788,5620,5641,5854,6259,5466,5223,5459,5402,6084,5259,5599,5953,5751,5376,5693,5810,5530,6113,5136,5192,5765,5576,6051,5918,5752,6101,6321,5964,5631,6235,5606,6382,6998,6578,6896,7218,6412,6604,6750,7182,6577,7129,6294,6223,6954,5978,2245,1769,1822,2745,3277,3098,3386,3377,3561,3475,3588,3242,3288,3538,3369,3702,3061,3549,4086,4032,4254,3981,3855,3433,3714,4800,4464,4347,4789,4633,5228,5270,4326,4561,5055
말레이시아,관광,8493,4266,7089,15574,21499,26152,30297,11822,16854,26377,29495,25083,13094,13393,10370,26086,33697,32024,41744,18216,16921,28491,32399,21735,16128,10525,12604,18430,30203,30987,42919,19558,19515,35257,39134,22640,24876,12957,15810,25355,37755,42807,52698,19043,24047,37653,40894,28485,22652,14055,16892,25123,42624,46613,55329,24541,15459,2915,3318,5252,11160,11788,19231,9354,14448,21693,23955,19642,13854,9295,12877,19833,30817,28379,30798,14389,26818,22778,29408,24621,13445,9549,9614,26542,34366,27871,28767,23331,22010,21936,28045,24654
말레이시아,상용,187,162,262,189,257,220,177,184,243,183,170,227,148,192,171,222,161,152,163,201,224,146,135,133,81,111,127,70,101,76,72,98,116,91,121,124,121,85,149,106,142,120,89,95,136,107,120,116,121,124,115,166,160,124,119,101,68,57,48,68,71,82,70,67,55,79,81,95,72,73,62,57,97,97,90,78,92,84,115,105,130,91,105,128,106,103,133,101,119,113,147,118
말레이시아,공용,4,0,13,4,5,9,2,5,4,2,5,7,4,13,7,6,4,7,6,7,2,4,4,6,4,5,5,3,2,4,3,5,3,6,3,2,4,9,7,5,5,3,3,7,2,7,4,1,5,8,13,5,13,8,3,1,8,3,10,1,2,4,3,8,9,6,8,7,7,11,8,12,11,12,12,15,11,3,10,13,10,15,12,21,16,28,16,17,16,12,18,14
말레이시아,유학연수,51,69,628,129,42,43,70,85,696,121,28,55,76,101,764,186,44,45,60,94,689,188,37,68,73,122,721,196,94,62,74,109,687,240,37,70,97,125,584,360,29,68,114,99,604,286,27,57,139,128,690,251,49,70,89,139,430,52,598,95,11,35,54,128,464,167,20,53,57,128,688,131,56,58,67,152,552,177,37,58,79,127,739,227,43,88,84,165,613,282,77,94
말레이시아,기타,1548,1396,1717,1674,1964,1666,1597,1811,1860,1989,2064,2554,2363,2509,2548,2462,2337,2094,2077,2041,2000,1991,1866,1956,1832,1994,2254,2070,1956,1914,2265,2343,2208,2251,2440,2586,2529,2518,2668,2787,2827,2712,2761,2821,2695,2736,2681,2558,2621,2516,2810,2475,2508,2467,2224,2767,2576,772,852,938,1105,1204,1355,1501,1510,1624,1615,1747,1809,1849,1887,1834,2340,2019,2139,2279,2043,2252,2423,2583,2474,2493,2443,2429,2519,2533,2394,2574,2403,2437,2524,2536
싱가포르,관광,6711,3151,5275,10423,14020,16746,25843,6644,6359,15819,18481,15986,19970,9550,8621,15829,21066,22702,38079,8045,7043,19240,21256,16753,19783,8958,8487,13486,17253,20085,34322,7859,7220,20497,19390,18007,21405,9761,9594,13592,20015,24180,38917,8372,8228,20524,21814,18448,23162,9392,11003,16137,23070,25865,40707,9157,4592,6747,6182,13621,23306,31319,48860,11591,10484,32525,29560,28700,33638,11547,13107,25145,32798,42723,54572,12289,13518,37013,30684,35399,32353,12300,15374,24258,39014,41856,59721,16019,13806,34726,36300,35939
싱가포르,상용,98,122,186,186,219,197,152,157,129,193,143,206,168,113,152,127,157,119,121,131,107,161,86,103,101,73,76,82,108,87,76,100,120,118,173,118,117,99,136,134,152,139,105,94,114,161,116,152,128,138,206,137,199,162,112,80,49,237,309,310,471,444,405,249,273,430,314,241,161,131,120,137,210,146,147,117,92,180,138,149,132,116,99,111,138,116,102,64,94,104,116,119
싱가포르,공용,5,5,2,8,9,5,4,4,6,1,3,7,7,4,3,3,8,4,6,5,4,1,2,8,5,6,4,6,6,3,9,4,5,5,3,6,2,4,1,5,8,9,2,8,6,7,1,2,11,6,8,13,8,6,13,7,3,13,5,5,1,6,0,6,6,13,19,40,13,35,10,25,24,20,8,8,15,5,8,11,13,14,15,27,19,27,17,4,28,35,11,29
싱가포르,유학연수,39,39,382,43,23,43,52,38,262,31,19,43,72,49,479,41,28,71,165,27,276,38,14,46,75,50,590,30,64,102,94,46,270,42,29,45,65,57,493,63,32,91,81,48,257,49,19,71,50,43,367,63,37,88,76,54,132,15,217,23,7,21,33,38,224,32,15,58,47,48,276,38,34,53,47,27,200,46,25,65,59,60,255,29,19,40,49,36,220,51,17,76
싱가포르,기타,1073,1122,1127,1207,1401,1233,1283,1418,1499,1605,1570,1715,1610,1698,1672,1682,1674,1574,1586,1589,1493,1562,1554,1556,1518,1595,1607,1474,1623,1589,1643,1655,1478,1520,1535,1592,1528,1600,1619,1552,1580,1562,1360,1333,1187,1364,1357,1441,1392,1413,1424,1395,1405,1425,1308,1440,1133,820,854,903,976,1422,1413,1432,1186,1337,1236,1518,1518,1587,1557,1584,1644,1514,1623,1595,1457,1605,1626,1682,1577,1578,1552,1581,1651,1543,1659,1452,1337,1454,1509,1571
인도네시아,관광,5607,4765,4001,5768,9600,8763,13474,7977,7617,11062,14367,12526,11008,13236,6892,8486,14089,12913,19313,10102,11393,14177,17291,10460,13097,8372,6709,10807,13035,13727,17020,12566,10181,14635,20021,11610,16930,10766,7967,11174,16918,17925,21276,14183,12172,18857,22596,11464,19928,11279,8337,11858,20527,18189,23216,14336,12155,4007,3735,4842,10146,9730,14585,8320,8754,12504,16958,14032,12610,11258,9338,10505,17976,16402,18945,10840,9863,12223,23677,16244,13480,10142,7524,12252,20654,17189,24232,17161,13028,20129,20200,16783
인도네시아,상용,128,102,206,159,234,249,297,269,311,284,350,389,273,310,356,365,534,487,314,268,297,409,317,333,252,277,193,354,283,311,232,197,178,302,287,263,158,244,168,282,278,191,185,136,147,242,225,154,182,146,103,149,137,142,126,98,47,44,63,67,92,97,95,64,87,158,154,115,157,141,159,178,174,216,147,104,132,175,254,233,224,232,179,216,256,288,218,151,198,264,224,201
인도네시아,공용,55,30,75,84,136,117,65,17,40,53,62,55,81,67,68,93,114,92,67,45,37,52,47,74,64,94,96,61,169,122,68,18,40,61,95,84,55,63,72,139,131,222,209,38,72,135,207,152,346,255,262,317,285,407,216,46,80,251,82,134,272,331,149,86,109,161,117,374,216,304,255,318,544,503,273,103,86,101,170,357,411,329,306,404,409,261,164,50,69,42,136,151
인도네시아,유학연수,102,106,634,174,71,66,87,155,652,121,56,75,117,191,627,175,84,77,82,114,595,164,61,76,105,216,654,174,137,86,122,157,663,204,48,75,135,192,715,233,73,96,141,187,697,277,54,75,223,230,814,279,84,109,117,231,374,157,1095,242,74,81,110,190,901,202,59,124,108,264,1225,260,145,161,118,255,980,290,102,132,189,284,1445,327,94,157,187,234,1007,327,115,176
인도네시아,기타,8989,5415,9639,9208,10125,7318,6634,7339,7229,7995,12194,15195,14155,15600,17196,15937,14473,11070,10129,8986,8811,7153,6562,6465,5242,7169,6305,5241,6357,4827,4570,4096,3677,5000,7462,7025,5555,6796,6874,6408,7531,5742,4278,4298,5027,6115,8345,7091,7201,6350,8694,6706,7461,4913,6041,4732,3144,4539,5060,4059,4166,4060,2937,4178,4305,5495,5993,7886,8823,5967,7561,5582,11504,8361,8225,7972,8405,13316,14721,14773,14833,11831,14849,14039,12925,11205,8942,9920,10272,11563,15905,17354
우즈베키스탄,관광,1677,2111,2027,2028,2320,2079,1792,1818,1861,2559,2582,2716,2739,2835,2809,2508,2677,3106,2153,2118,2447,2225,1774,3108,3171,3521,3016,3193,3050,3193,2442,2290,1981,3486,3450,3481,3632,3529,2807,2822,3514,3377,2082,1958,2165,3150,3270,3055,3429,3444,2707,3093,3668,3384,2341,2025,2074,803,840,828,893,841,596,530,491,671,653,906,953,1221,906,900,1088,899,718,575,524,522,662,762,771,1050,857,791,870,931,609,536,465,464,773,1037
우즈베키스탄,상용,585,509,558,463,435,371,325,284,270,328,323,347,306,319,383,299,408,468,322,361,378,584,474,445,363,414,345,336,398,452,224,299,206,362,440,402,396,549,536,739,914,779,597,561,716,896,651,830,862,600,590,853,968,709,532,474,700,64,119,108,130,265,142,168,166,216,178,220,247,348,308,338,461,468,329,499,452,407,431,537,487,402,246,335,379,464,410,348,371,325,386,457
우즈베키스탄,공용,0,3,5,3,0,0,0,0,0,1,1,0,0,1,0,0,0,2,0,5,0,0,0,5,0,0,5,1,2,2,0,2,4,0,0,0,0,4,6,5,0,3,0,0,5,0,4,3,5,1,9,1,1,1,7,7,0,30,10,4,0,0,2,8,0,3,3,0,2,3,7,2,3,2,1,9,0,3,0,3,2,1,1,5,6,5,5,6,5,10,1,3
우즈베키스탄,유학연수,50,45,357,199,52,51,54,106,274,180,47,51,105,82,537,322,99,81,160,155,462,451,95,148,264,226,1042,680,149,293,224,289,927,801,179,235,208,239,1170,1033,251,250,243,407,1217,863,109,152,197,336,1379,1484,191,295,252,625,1141,504,2022,1709,276,173,285,762,1491,969,130,172,233,528,1388,1779,247,195,342,968,1842,1443,207,246,291,689,2096,2845,201,263,447,1151,2244,2458,208,236
우즈베키스탄,기타,2095,2320,2536,2606,2668,2069,1967,2880,2565,2846,2887,2733,2585,2535,2618,2858,2487,2173,1678,2761,2263,2749,3294,2727,2693,2789,2691,3143,3503,2658,2416,2551,2467,2865,3074,2773,2514,2676,3077,3360,3784,2733,2591,2828,3046,3496,3344,2799,2802,3024,3298,3625,3547,2787,2329,3004,2973,2596,2790,2728,2462,2262,1744,2351,2496,2430,2321,2269,2388,2555,3326,2948,2881,2565,2297,3008,3303,2391,2748,2362,2378,2794,3538,3317,3045,2751,2315,3302,3383,2572,2724,2648
터  키,관광,742,918,1150,1290,1106,1152,684,723,656,1032,1461,1358,1203,1427,1031,1480,1235,1036,765,694,657,1128,1203,1242,1300,1448,1713,1577,1433,1373,1046,888,827,1437,2129,1465,1396,1563,1974,1245,1545,1163,831,792,664,1369,1687,1334,1613,1684,1625,1561,1649,1664,1322,952,520,695,739,754,1092,1177,830,627,514,997,1898,1402,1843,1715,1624,1987,2068,1759,1153,974,948,1962,5259,2555,3532,2971,3003,2868,3377,2198,1348,1291,1175,4134,5848,3593
터  키,상용,15,18,19,12,18,13,18,17,15,18,13,22,12,18,27,25,15,15,12,15,9,11,14,15,9,11,21,13,9,8,8,18,10,14,8,16,12,12,11,23,15,19,14,13,13,15,12,12,6,18,17,21,11,15,13,20,11,13,19,12,9,13,8,12,13,23,20,13,16,13,17,20,14,11,12,20,12,12,8,17,10,13,20,15,20,12,10,12,15,13,17,16
터  키,공용,56,54,73,91,63,97,16,14,15,30,60,89,65,75,31,49,46,41,33,19,26,36,49,46,101,65,78,68,63,75,95,27,24,30,88,89,37,52,50,73,74,88,58,32,29,73,142,78,137,34,45,61,56,56,37,8,8,2,7,7,6,2,8,6,8,11,21,12,13,27,27,11,40,16,9,27,8,17,21,25,10,13,14,52,9,18,14,8,11,15,13,21
터  키,유학연수,13,18,158,30,8,21,28,27,116,24,8,49,34,31,147,33,10,23,16,26,100,34,11,18,20,31,190,40,9,31,26,26,161,36,18,34,40,40,177,52,12,20,27,36,151,38,13,45,37,34,212,37,14,32,26,33,98,37,198,56,22,45,32,37,147,52,14,30,38,56,218,76,25,48,46,52,167,76,20,54,61,103,264,93,22,64,45,69,227,122,38,94
터  키,기타,816,775,862,842,1020,787,732,821,837,994,1072,1052,1063,1231,1009,1015,1072,831,862,995,911,929,973,804,835,863,887,938,970,904,1049,975,874,947,1086,947,1014,1016,985,953,947,868,978,912,908,1037,972,1023,1042,1192,1116,1122,1163,1114,1107,1195,1147,835,975,908,1022,901,1009,1003,925,1094,1228,1125,1029,1201,1057,1105,1096,1034,1092,1113,981,1222,1233,1211,1103,1148,1188,1119,1117,1029,1150,1081,967,1156,1184,1196
이스라엘,관광,663,861,956,989,1477,927,777,832,659,1170,1194,1211,951,896,897,1233,1831,1038,705,827,758,1251,1815,933,769,1018,882,1234,1680,898,695,731,653,1442,1803,1212,822,1124,1095,1907,1688,1169,821,727,694,1549,2161,1331,879,1274,1029,1779,2729,1369,788,723,329,435,412,1119,1348,815,400,337,343,1509,2226,1525,1000,1088,1377,1817,902,362,269,417,334,1001,1582,1511,867,1070,1147,1560,2743,1301,516,425,599,1975,2993,2139
이스라엘,상용,5,7,4,3,10,7,4,11,7,6,5,15,14,11,8,5,9,7,5,6,5,9,7,6,6,6,5,7,8,5,4,8,4,9,6,5,4,6,8,5,12,12,6,12,15,11,11,9,10,8,10,11,12,7,9,13,4,6,3,5,8,5,3,9,5,6,5,8,2,7,7,4,6,5,10,7,3,6,7,6,4,6,3,9,6,5,5,5,10,5,7,14
이스라엘,공용,0,0,3,0,0,0,0,0,0,1,0,0,0,1,0,0,0,0,0,0,0,0,0,1,0,1,0,0,0,0,0,0,0,0,0,0,0,0,0,0,0,0,0,0,1,1,0,0,1,4,1,1,5,2,2,2,1,0,1,1,0,0,0,0,0,0,0,2,0,0,2,14,4,5,7,2,3,16,6,4,8,5,7,19,12,12,24,2,7,16,15,12
이스라엘,유학연수,4,1,19,1,2,2,3,8,15,3,2,3,2,4,20,4,6,4,3,4,12,3,3,8,5,5,18,9,10,7,0,3,11,2,3,2,2,2,28,8,5,5,10,9,14,1,2,3,1,4,17,3,3,3,5,5,8,2,26,2,4,4,6,9,14,3,2,5,3,4,34,7,2,2,4,4,19,6,2,6,6,4,36,5,2,5,8,8,19,6,2,9
이스라엘,기타,34,59,61,38,96,46,47,34,36,22,39,43,42,80,68,45,32,29,56,51,45,47,30,55,47,69,47,39,79,40,38,67,45,60,71,65,68,54,74,35,69,43,44,57,37,51,47,66,49,30,53,43,71,46,35,60,10,32,39,47,49,27,27,39,35,28,38,86,31,52,51,39,26,20,28,25,27,43,50,37,33,44,49,39,48,40,17,40,40,27,35,33
이  란,관광,220,205,296,283,294,200,90,61,85,302,152,167,235,363,346,327,252,291,81,99,133,340,150,228,455,331,408,462,243,253,148,116,123,429,204,279,247,312,239,276,244,99,88,60,99,195,148,146,252,178,348,281,334,279,114,57,35,60,145,136,339,197,78,36,30,160,86,201,134,144,150,335,235,160,100,71,66,382,189,249,228,188,491,298,182,191,112,98,43,525,376,218
이  란,상용,124,146,212,204,344,262,181,169,205,206,277,363,217,252,299,262,382,435,224,194,275,293,245,343,224,255,288,236,358,309,270,198,184,156,244,219,144,199,123,99,107,62,57,45,67,95,79,62,52,57,29,63,87,49,69,44,25,48,49,64,30,46,54,37,33,36,70,37,45,44,40,40,57,25,74,37,29,52,47,21,39,53,42,39,35,29,31,19,24,32,20,25
이  란,공용,5,9,3,58,76,8,5,0,6,3,10,5,12,8,18,19,5,19,4,17,0,10,6,17,38,6,13,29,15,17,22,2,7,6,13,15,7,10,14,16,11,21,3,10,5,8,5,5,8,11,7,8,21,4,5,1,1,2,14,3,8,3,0,0,8,1,0,2,5,2,2,10,16,7,3,1,1,2,6,16,2,1,5,8,6,8,4,3,0,2,0,17
이  란,유학연수,18,13,71,30,16,10,12,17,76,25,7,10,21,25,63,44,21,12,19,26,55,36,17,25,21,23,80,54,21,21,28,17,59,40,12,13,20,26,67,39,13,9,18,23,64,30,12,13,16,26,63,42,10,26,20,20,56,22,51,41,6,16,11,16,38,14,8,13,19,25,62,32,17,19,22,24,73,30,9,11,23,27,111,34,12,21,16,21,78,34,12,16
이  란,기타,33,40,63,46,45,32,33,29,83,78,39,134,241,248,210,306,236,248,130,285,136,172,142,155,192,239,229,202,266,155,158,221,174,135,182,195,166,157,161,138,106,38,48,46,94,54,54,45,56,46,79,52,49,44,45,54,43,51,41,43,39,58,42,35,30,34,23,34,34,54,62,51,48,37,30,47,43,33,38,47,36,51,55,56,44,38,28,44,39,40,36,38
카자흐스탄,관광,1657,1634,2149,1681,2245,2152,1805,1980,2005,2582,2155,1962,2165,2186,2075,1787,2364,2385,2111,2405,2478,2744,2719,2414,2641,3075,2334,2429,3115,3005,2746,2908,3338,4181,3638,3530,3342,3256,2738,2599,3287,2337,2073,2185,1924,3202,3129,3349,3472,3612,2810,2956,3348,2541,2415,2815,1773,3049,1751,1531,1737,2488,2258,1384,1340,2585,2439,2747,2757,3543,3147,2744,3196,2506,2199,2453,1910,3992,3189,3356,2925,3651,3285,2838,3643,2800,2099,2268,2162,4586,4628,3799
카자흐스탄,상용,10,13,10,14,12,9,6,9,5,4,14,5,6,3,8,6,8,9,7,10,2,11,9,9,11,4,13,3,8,3,4,11,4,7,4,12,14,10,11,11,11,15,8,24,21,11,20,15,13,11,14,17,10,8,8,21,13,5,11,11,25,10,19,11,12,20,10,14,17,11,21,12,16,18,13,14,24,24,20,20,16,20,18,17,15,17,17,22,14,9,17,21
카자흐스탄,공용,2,10,1,6,4,2,0,1,3,4,0,0,0,4,12,0,3,23,3,0,0,0,2,3,18,3,0,4,10,4,1,1,2,5,6,1,1,2,10,3,1,4,1,7,3,3,11,9,2,4,20,2,10,5,2,5,2,2,9,5,10,7,4,4,2,10,13,3,3,5,11,26,20,17,1,4,16,3,4,10,12,1,12,9,10,18,11,9,4,9,5,12
카자흐스탄,유학연수,68,50,469,97,18,24,44,80,320,106,9,16,54,52,510,104,12,18,36,69,372,123,17,37,49,132,531,116,29,28,47,95,426,127,22,33,107,79,545,159,24,33,55,92,404,178,17,38,98,81,611,179,30,37,57,130,171,61,575,139,14,38,50,108,372,135,14,43,77,113,639,246,35,46,100,151,497,228,29,40,77,106,868,285,24,76,104,160,620,340,73,110
카자흐스탄,기타,306,299,394,308,383,331,300,454,587,593,671,564,617,584,601,671,570,533,412,591,727,1004,979,795,816,867,903,1122,1214,936,746,927,917,1155,1127,1062,1087,1097,1281,1555,1445,1149,970,1266,1422,1521,1441,1174,1244,1245,1493,1755,1378,1106,906,1354,1245,1202,1312,1369,1139,999,802,1137,1055,1033,1107,1010,1111,1214,1514,1589,1259,1100,940,1285,1365,1203,1167,1132,1308,1356,1937,1683,1316,1205,978,1548,1485,1323,1321,1287
요르단,관광,45,85,109,93,158,85,80,34,37,78,93,119,61,71,86,119,179,135,75,49,73,82,99,91,99,96,96,154,237,121,74,74,78,117,140,116,86,138,80,113,202,157,75,66,70,112,170,88,191,139,130,144,204,162,91,75,69,43,27,44,112,69,46,19,41,38,42,79,96,113,91,61,126,98,46,34,44,43,76,108,90,118,119,144,138,123,42,47,45,120,81,110
요르단,상용,102,89,116,140,179,137,106,113,120,132,134,112,47,79,99,94,126,101,65,85,65,135,105,87,43,92,76,70,123,78,53,66,53,70,88,60,51,74,43,81,78,75,56,58,73,72,78,37,85,75,52,89,88,86,56,51,50,52,69,104,76,57,34,44,71,54,34,102,69,83,46,99,87,65,67,47,44,46,61,103,57,78,78,78,71,68,77,46,89,28,86,73
요르단,공용,0,0,1,47,2,3,0,0,3,1,0,3,0,1,3,3,0,6,1,0,2,0,0,1,0,0,2,4,5,0,0,0,4,1,1,1,1,0,5,1,6,0,0,2,0,5,1,0,10,4,5,0,0,0,5,1,0,1,3,10,3,1,0,0,1,0,2,6,2,1,6,3,3,1,0,2,1,0,1,1,0,0,0,1,2,0,4,0,0,1,1,1
요르단,유학연수,6,7,21,6,5,6,2,2,15,6,2,3,5,4,23,8,2,2,1,7,12,7,2,3,2,15,19,14,5,5,2,6,17,6,1,3,4,10,21,9,2,3,2,4,15,6,4,2,3,6,22,7,1,3,3,7,14,2,17,1,2,5,3,2,11,5,2,1,2,3,19,8,2,2,0,3,14,5,0,2,3,4,15,7,1,3,1,4,15,8,0,2
요르단,기타,14,20,13,17,14,17,19,20,24,22,28,31,16,29,40,29,32,24,23,22,13,32,22,17,17,35,20,29,34,41,23,28,28,35,31,34,24,34,54,48,22,46,34,53,47,49,40,27,35,31,33,34,47,26,38,46,35,25,47,56,27,32,14,27,39,34,22,40,52,43,50,55,37,46,44,39,29,45,32,37,37,54,74,61,43,46,39,43,44,40,37,59
사우디아라비아,관광,463,1053,983,855,603,472,412,483,340,672,497,820,284,1504,1676,960,611,836,498,402,337,740,714,567,506,1601,1732,968,795,488,335,561,280,524,769,443,1244,1640,1691,618,795,502,577,367,317,563,928,288,2597,2053,2368,858,716,778,548,778,200,715,906,797,1007,1855,478,244,457,1147,1049,1521,1475,2254,1100,1287,1341,1661,975,824,951,422,2097,1669,3576,3180,1340,1440,1645,2300,808,697,689,674,1888,1783
사우디아라비아,상용,6,9,17,20,21,12,12,16,12,9,11,10,9,16,7,8,6,7,6,18,7,12,19,23,12,19,15,14,22,11,16,6,16,8,11,20,14,15,6,25,17,22,16,22,15,7,11,4,12,3,10,16,17,15,28,43,28,32,26,19,15,21,26,27,25,16,8,17,12,10,9,13,25,9,19,32,29,27,34,34,39,40,45,51,56,35,46,66,55,40,63,66
사우디아라비아,공용,1,1,7,19,3,1,0,7,5,5,2,3,9,52,10,37,10,2,2,60,26,18,11,24,12,56,18,25,36,17,15,38,30,16,15,17,35,43,57,14,9,8,7,3,2,1,6,0,11,5,10,2,4,2,10,5,2,16,5,10,4,54,1,2,6,17,5,24,48,31,6,18,46,13,4,15,27,10,13,3,28,22,3,5,3,13,12,13,7,13,4,11
사우디아라비아,유학연수,46,65,337,90,54,15,36,61,281,90,19,40,34,114,296,77,24,19,32,74,226,63,19,25,20,74,211,81,65,33,42,72,143,63,30,41,41,65,136,89,20,49,31,61,133,71,20,34,86,32,112,69,43,52,34,94,59,25,74,17,22,28,27,74,46,51,28,44,28,39,81,29,42,66,23,36,77,48,42,28,35,32,80,66,33,64,43,40,101,43,55,46
사우디아라비아,기타,28,28,98,35,53,10,30,70,67,37,17,56,31,92,96,53,19,31,23,40,63,34,53,55,39,70,139,37,72,38,37,55,89,32,38,55,52,65,67,73,32,51,55,65,75,51,45,16,227,47,103,64,50,32,39,137,29,56,174,97,119,284,128,158,105,151,138,180,132,149,204,147,158,185,170,195,139,116,163,157,128,58,70,45,35,56,31,39,44,19,39,14
이라크,관광,95,73,70,101,186,202,74,59,81,124,124,144,84,104,95,115,86,86,65,32,66,82,77,66,43,103,176,94,153,98,116,99,51,160,122,99,129,120,132,125,142,106,59,40,77,138,145,41,180,141,68,165,190,86,84,58,54,46,44,34,72,38,36,17,8,52,44,50,87,108,76,135,105,44,31,9,76,44,90,40,81,120,112,63,172,96,42,35,48,125,126,105
이라크,상용,45,40,84,74,86,60,50,44,50,52,60,87,50,57,73,52,89,73,54,47,63,100,106,86,53,84,100,81,106,100,121,103,113,94,112,124,63,86,65,114,134,98,87,72,89,130,113,73,64,138,97,134,110,116,96,83,70,76,88,74,111,115,76,75,52,79,56,78,79,89,104,132,95,125,70,97,116,95,92,117,100,110,95,99,92,96,79,77,107,86,118,91
이라크,공용,0,26,6,0,0,4,2,3,0,1,1,7,3,12,0,3,0,1,1,18,11,2,21,9,4,7,1,1,14,2,1,8,4,0,1,0,10,8,5,8,4,0,1,1,3,0,1,1,20,0,2,31,0,0,1,0,0,2,0,0,2,1,0,6,6,0,2,0,21,0,5,3,1,0,0,10,8,7,0,0,0,5,7,2,4,2,2,5,0,1,1,0
이라크,유학연수,2,4,9,2,2,1,3,3,10,2,3,1,2,2,11,7,0,1,1,4,20,1,0,0,5,4,20,2,2,1,3,2,16,3,1,1,1,11,14,4,2,1,1,2,16,2,2,2,2,8,17,3,0,2,3,8,8,1,13,1,1,1,3,6,8,6,1,3,4,3,10,5,2,0,2,6,10,3,1,0,3,2,12,4,0,1,0,4,5,3,1,1
이라크,기타,5,11,11,9,7,8,11,17,27,10,6,20,3,6,12,6,6,8,7,17,16,18,7,7,3,18,8,17,8,12,10,16,24,13,5,17,12,16,11,17,9,19,9,11,9,16,9,10,8,12,17,9,4,8,4,7,10,11,13,17,14,2,9,8,14,15,5,7,14,19,15,13,11,18,10,20,20,14,10,13,9,11,19,7,36,6,7,10,26,9,28,17
미  국,관광,49148,46563,41599,48750,61045,47883,43975,36829,32972,53173,64733,63675,72286,60376,48543,57952,66931,52025,50162,37630,35860,56367,65961,58444,70021,63853,49516,54948,60233,52491,49662,40407,46981,62903,71177,66792,78313,72143,55367,60776,80509,60601,52998,42989,38475,65448,83521,76044,86508,77224,62072,70634,82230,65116,58743,43866,26407,37516,31417,45126,58193,48323,46403,29312,29488,68109,90404,82657,103113,83754,60541,77561,93949,73873,58272,41299,42206,96895,102397,99757,129522,97896,76222,86051,117442,86644,72370,50542,50441,108594,129889,108690
미  국,상용,514,514,601,582,532,542,471,566,423,467,487,518,430,407,430,458,351,346,354,447,353,426,399,459,381,378,384,325,446,316,265,422,252,344,332,336,326,307,352,348,382,336,304,418,386,400,352,368,367,359,450,421,421,349,365,495,219,191,210,200,209,206,202,333,153,269,254,280,243,252,300,234,359,241,240,340,226,290,254,275,265,238,285,281,226,231,219,300,261,257,244,270
미  국,공용,1430,2267,2151,1468,1327,1891,1581,2090,1246,1238,2571,2210,1774,2540,2234,1616,1598,2329,2269,2278,1630,1396,3281,2229,1752,2897,2632,1938,1933,2919,2456,2480,1959,1663,2873,2362,2178,2707,2534,2067,1721,2679,2804,2578,1970,2221,3763,3153,3470,3486,3224,2736,2240,2519,3436,3712,2200,2691,2290,1731,1431,2201,2407,2860,1936,2652,3261,2489,2896,3857,2745,2862,2334,2938,3249,2878,2419,4110,2600,3326,3699,4048,3469,2938,3021,2905,3837,3818,2558,2133,4329,3326
미  국,유학연수,156,138,938,174,85,170,134,218,820,96,78,222,189,164,1014,107,105,195,188,220,885,119,113,263,185,171,1259,128,169,224,216,224,934,114,108,250,245,175,1298,175,98,291,227,229,1144,190,113,308,350,190,1552,186,157,402,355,286,848,106,1747,95,40,231,334,240,1610,136,117,369,304,241,1702,130,112,389,402,240,1506,190,157,558,438,261,2055,195,167,738,679,303,1716,272,139,743
미  국,기타,11302,13145,18233,12819,14889,11787,11419,16036,15244,13745,13570,13864,13597,15039,17213,15603,13900,12746,13624,16637,14004,14169,13731,14952,13616,15173,17705,13594,17219,13059,14164,16362,15923,15055,14719,14861,13680,14938,17768,15460,15393,13969,14690,16523,15757,16016,14775,15942,14703,16169,19288,16842,16051,13852,14488,18896,12765,13438,14635,13283,13687,13900,14006,16375,13017,15264,14782,16120,14822,16719,17962,16138,19009,16057,16128,16997,16250,18470,17320,18778,17797,18431,20026,20230,20296,18464,18784,19299,17469,20861,18780,19295
에콰도르,관광,84,76,95,122,153,88,43,29,35,75,113,124,94,120,101,115,132,116,62,47,54,96,132,181,104,92,165,140,143,107,62,50,67,96,169,126,100,104,192,193,218,152,70,46,81,175,141,129,113,181,181,340,175,137,134,59,113,27,50,95,137,104,54,45,65,119,185,112,108,373,149,183,234,91,77,53,105,177,265,197,155,254,159,294,367,188,82,72,105,228,250,263
에콰도르,상용,0,0,0,0,1,0,0,0,0,0,0,0,0,0,0,0,0,0,0,0,0,0,0,1,0,0,0,0,0,0,0,1,0,0,0,0,1,0,0,0,0,0,0,0,0,0,0,0,0,0,0,0,0,0,0,0,0,2,0,0,0,0,1,0,0,1,0,0,1,0,0,0,0,0,1,0,0,0,0,1,0,0,0,0,0,0,0,0,0,0,0,0
에콰도르,공용,0,0,1,19,0,1,0,0,1,7,1,0,0,0,0,1,0,1,4,0,0,1,0,0,5,0,0,2,1,6,0,1,1,1,0,0,0,2,0,1,1,2,1,1,0,1,0,7,3,2,0,2,2,3,0,1,2,9,1,5,4,0,1,0,1,0,16,3,5,1,2,2,29,0,0,1,1,2,30,15,3,7,11,9,52,2,1,3,0,3,3,5
에콰도르,유학연수,8,9,46,9,5,4,5,26,34,10,0,3,10,12,66,5,6,8,7,24,46,10,4,7,4,17,62,9,15,6,7,24,44,16,8,11,7,23,50,8,3,6,10,25,42,16,5,6,4,22,60,11,6,9,8,19,21,6,38,4,2,1,3,15,27,5,2,7,8,13,47,5,5,9,4,15,21,6,1,5,7,12,42,8,6,4,6,14,23,17,1,5
에콰도르,기타,12,9,16,12,81,15,16,17,27,43,54,24,27,28,12,15,24,23,20,24,16,37,35,19,22,22,13,16,19,14,23,9,33,34,27,37,29,33,53,38,51,81,45,50,51,73,44,54,42,50,47,40,41,33,35,38,31,10,10,19,14,16,9,12,14,27,39,19,13,27,12,12,49,24,19,20,21,48,38,28,20,29,50,39,38,33,35,39,25,54,61,62
쿠  바,관광,17,24,8,22,8,66,2,6,8,6,3,23,4,16,27,35,6,8,3,1,57,5,0,21,15,15,3,16,7,6,1,4,0,3,18,4,4,7,13,13,8,1,10,0,5,1,27,9,31,53,7,15,7,56,3,1,8,18,4,0,7,4,2,0,0,0,0,17,0,9,3,4,1,2,0,2,11,3,6,11,18,4,41,6,50,5,7,0,1,8,6,8
쿠  바,상용,8,0,1,6,0,2,0,1,0,0,4,8,7,0,1,1,3,1,0,0,0,0,2,3,0,2,0,1,15,0,2,0,4,3,0,0,1,0,2,0,2,0,0,2,0,1,0,1,0,0,0,0,0,0,0,0,0,0,0,1,3,0,1,0,0,0,0,0,0,0,5,0,0,0,0,0,0,0,0,0,0,0,0,0,0,0,0,0,0,0,0,0
쿠  바,공용,0,1,0,0,0,0,0,0,0,0,0,0,0,0,0,0,0,0,0,0,0,0,0,0,1,0,0,2,0,0,2,0,1,11,0,0,2,0,0,1,1,1,0,0,1,0,0,0,0,1,3,8,1,1,1,0,0,0,0,3,0,0,2,0,0,1,0,4,2,1,0,0,0,0,0,2,0,0,0,1,1,0,1,0,0,0,0,0,0,0,0,0
쿠  바,유학연수,0,0,0,0,0,1,0,1,0,0,0,0,0,0,3,0,0,6,0,0,1,0,0,0,0,0,2,0,0,0,0,0,0,2,0,0,1,1,1,1,0,0,0,0,1,6,0,0,0,6,3,3,0,0,3,3,3,0,2,0,0,0,0,0,0,0,0,0,1,0,1,1,0,0,1,0,2,1,0,0,1,0,2,1,0,0,0,1,4,1,0,0
쿠  바,기타,2,24,7,7,9,7,0,1,17,4,9,2,2,4,13,10,5,1,2,5,1,1,2,3,1,0,3,2,2,1,1,3,2,2,2,16,0,4,13,13,4,2,6,4,2,4,5,14,4,4,5,8,6,0,3,6,3,3,2,5,4,6,3,3,3,7,9,4,4,3,17,3,2,2,4,1,3,3,3,0,49,2,5,4,6,6,1,1,1,3,4,5
캐나다,관광,6125,6365,7067,8551,10826,9372,8145,6528,6728,11302,12333,12124,10375,11504,10049,11669,14663,11801,9592,7766,7591,12425,13914,12377,9834,10568,9734,10158,12450,9726,8994,7850,12033,14737,14674,14336,10665,11051,9819,11153,15712,11415,9909,8034,8888,14313,17275,15237,12012,11868,11304,13449,15841,13236,11377,8793,5834,5744,4613,8043,9772,7796,8052,5837,6009,13541,17503,15931,11897,14550,12344,15011,18312,15578,10765,9558,9817,18866,20708,20665,16349,19636,18179,18086,24132,14867,12493,9908,10333,20831,26719,23364
캐나다,상용,113,109,125,102,80,90,63,100,79,68,65,60,63,51,58,46,66,58,56,68,46,60,34,70,35,39,48,28,34,39,29,42,35,45,39,64,47,38,37,45,38,46,34,57,45,42,44,47,38,36,43,50,37,45,38,52,16,19,19,23,29,35,21,31,33,40,31,31,28,27,35,30,36,30,25,40,23,29,37,34,32,31,31,41,34,30,36,37,27,31,34,38
캐나다,공용,5,15,11,6,14,9,5,18,6,5,19,12,18,10,69,24,14,11,17,19,9,14,15,16,22,43,16,18,19,13,17,26,11,16,32,19,23,25,22,21,28,41,36,30,27,38,43,27,26,37,34,39,33,30,30,33,22,14,12,13,13,13,11,24,28,59,31,59,33,35,33,34,70,31,30,34,44,50,25,28,46,33,31,31,40,56,33,35,65,69,30,39
캐나다,유학연수,22,29,143,13,14,32,38,30,111,12,13,44,26,36,153,17,23,52,46,43,124,23,25,58,36,31,203,21,54,61,42,43,113,19,26,50,38,31,153,36,17,35,34,43,116,37,15,49,46,51,175,31,26,59,49,41,109,26,193,18,5,30,35,47,153,13,7,43,26,40,182,22,25,43,50,35,145,18,20,55,44,38,193,25,16,76,74,44,150,21,21,78
캐나다,기타,2644,2978,4535,3198,3571,2842,2782,3842,3771,3105,3184,3377,3468,4285,5170,4391,3868,3359,3701,4697,3914,3805,3616,4166,4454,3893,4898,3626,4840,3340,3998,4456,4246,4016,3798,4182,3748,3857,4655,4412,4392,3668,4070,4296,4475,4240,3984,4079,4011,4111,5144,4644,4687,3492,3798,4890,3065,3068,3240,3020,3386,3285,3619,3930,2817,3213,3253,3806,3245,3691,3751,3759,4221,3706,3684,3733,3650,4099,4062,4041,3907,4161,4308,4688,4764,3936,4039,3951,3677,4066,4168,4268
브라질,관광,727,1026,854,1107,1190,780,742,632,530,797,965,1285,1339,922,836,1044,1199,1000,992,756,705,935,1219,1047,1036,1331,1019,1236,1322,1455,1077,946,1138,1243,1446,1276,1253,1242,1304,1320,1575,1237,1135,1136,881,1250,1752,1550,1481,1582,1587,2029,1896,1504,1561,1310,769,494,517,683,1143,794,871,702,651,1197,1739,1609,988,2423,1296,1468,2143,1669,1268,1269,1129,2416,2924,2372,1862,2184,1734,2161,3629,2543,2207,1963,1488,3493,3884,3003
브라질,상용,14,16,18,12,18,14,9,17,18,12,8,9,10,8,12,14,8,7,3,20,10,4,11,10,11,9,10,14,15,11,9,16,12,7,16,10,10,7,14,8,14,14,7,16,12,19,15,18,19,16,21,23,16,16,13,15,6,23,31,19,20,26,22,47,27,35,40,49,29,37,50,38,55,39,48,58,54,47,41,51,43,38,77,57,41,56,47,89,49,47,53,85
브라질,공용,8,2,3,135,45,9,7,8,4,9,8,8,10,11,5,8,7,8,2,6,1,10,4,12,11,13,12,3,17,18,0,9,10,6,5,17,9,9,12,32,19,13,9,9,13,15,16,14,23,10,13,17,13,12,8,13,3,11,8,8,6,22,8,7,2,9,5,2,7,18,6,5,7,6,4,11,4,0,7,5,24,11,37,21,17,38,6,8,9,11,18,11
브라질,유학연수,13,26,132,8,2,1,12,32,86,21,8,27,13,38,76,12,6,12,11,37,57,17,11,15,9,24,86,15,9,13,10,46,64,17,3,16,17,23,91,24,8,12,16,41,101,21,5,15,18,29,98,36,15,13,22,35,71,13,120,16,6,12,16,32,115,21,7,17,17,34,114,25,10,26,24,51,107,26,15,22,34,30,115,26,8,32,28,52,103,23,8,24
브라질,기타,267,226,287,291,389,241,238,302,294,365,404,638,548,599,602,658,527,424,384,451,392,431,321,362,340,363,353,292,328,278,253,390,328,325,333,380,326,330,350,324,357,318,247,403,347,368,424,457,383,342,469,393,512,371,329,428,339,198,207,189,251,284,257,321,232,337,379,387,423,422,485,375,571,418,337,466,370,525,537,575,478,433,475,494,479,438,307,376,321,438,548,533
멕시코,관광,962,1205,1088,775,1174,908,588,547,408,899,915,872,1265,1026,708,987,1120,927,675,558,580,974,1486,1004,930,2053,1253,1546,1536,1419,1197,921,828,1798,1833,1544,1521,2418,1409,1511,2117,1659,1385,1282,818,1663,2722,1934,1821,2669,1862,2506,2355,1835,1852,1478,878,497,498,858,1030,849,717,537,472,1111,2207,1402,1320,2555,1638,1889,2315,1678,1293,960,938,2752,2566,2082,2239,3597,7087,7449,9516,7246,4705,3474,3631,5700,9139,5637
멕시코,상용,12,9,11,7,5,5,4,8,9,3,6,9,6,3,8,6,9,8,1,9,8,8,10,4,6,6,4,11,7,6,8,7,3,8,8,5,5,2,7,8,11,9,2,11,1,7,7,3,7,8,11,3,5,5,6,7,1,4,2,4,7,8,5,3,4,15,6,6,6,4,8,7,11,5,3,6,1,6,6,4,5,4,6,8,4,4,6,10,4,9,8,9
멕시코,공용,3,2,2,4,5,6,0,3,4,1,1,3,1,4,1,2,0,2,2,6,1,5,5,3,6,6,10,3,3,8,1,11,3,4,1,8,5,4,4,11,4,4,4,7,7,1,7,13,3,4,12,12,9,7,1,15,4,5,7,6,6,6,6,12,2,10,7,6,3,11,3,9,5,10,6,4,1,10,14,11,9,3,4,9,8,11,10,12,5,7,19,6
멕시코,유학연수,49,64,189,22,22,59,54,58,172,20,12,65,47,78,190,7,12,61,39,49,186,24,21,87,35,72,194,20,34,45,36,58,137,33,13,35,40,57,194,19,12,45,57,38,207,18,15,68,47,81,235,27,24,84,62,65,135,31,313,15,4,18,71,77,183,23,8,40,58,63,234,27,9,40,56,69,200,24,13,47,65,45,296,47,13,41,69,94,231,35,19,66
멕시코,기타,183,186,217,238,336,174,139,173,214,237,254,390,423,602,439,405,375,324,253,300,304,273,242,257,231,480,706,482,521,393,399,406,430,441,501,473,462,434,450,438,535,429,411,515,402,512,547,547,483,491,689,490,485,477,461,548,525,108,91,195,251,224,195,171,189,275,283,270,175,226,244,210,286,253,162,189,179,274,328,299,231,252,783,820,905,711,697,636,715,798,792,836
칠  레,관광,308,159,220,329,274,311,152,175,169,184,277,397,243,235,253,282,299,310,173,176,234,278,302,389,267,324,219,285,326,248,209,254,365,376,387,432,313,327,347,505,519,314,274,360,341,396,624,528,332,327,298,564,530,355,217,331,413,138,124,223,319,255,191,201,242,382,489,367,327,1386,359,495,541,361,173,355,484,513,712,701,396,396,449,718,703,580,245,402,654,612,760,789
칠  레,상용,5,2,6,6,7,8,6,5,7,6,13,5,7,9,8,10,6,7,5,10,9,9,7,12,7,3,6,4,5,3,3,6,2,0,8,2,4,0,3,2,1,1,2,1,2,1,5,2,2,3,3,2,6,1,2,2,1,2,9,7,10,8,7,6,7,9,10,11,6,9,9,6,18,13,2,5,3,6,3,7,5,5,9,3,6,5,5,3,4,5,3,4
칠  레,공용,0,0,0,17,1,0,0,4,0,0,0,0,1,1,0,2,0,0,0,0,0,0,2,0,1,0,0,1,2,1,0,0,1,0,0,3,0,0,0,0,2,0,2,0,0,0,12,2,3,1,0,0,7,0,2,0,0,0,1,1,0,0,0,0,0,0,0,1,0,3,1,8,9,2,0,0,4,2,5,0,8,1,0,1,5,5,2,0,6,1,0,1
칠  레,유학연수,2,4,17,7,1,2,3,8,20,1,1,6,3,11,21,5,2,9,3,9,19,5,3,3,5,9,20,5,4,2,2,8,18,4,0,3,5,5,31,6,1,4,8,11,26,3,0,8,5,3,23,9,2,2,5,9,16,5,43,6,0,3,7,9,31,13,3,9,4,12,31,4,0,3,5,11,34,5,1,6,3,7,45,6,2,4,5,17,40,6,1,5
칠  레,기타,85,40,52,33,75,59,107,65,60,95,82,56,76,157,76,400,100,104,126,88,120,68,47,81,43,59,69,67,79,34,36,65,22,77,65,54,57,35,31,76,31,52,39,35,46,52,56,63,38,56,74,72,318,44,64,41,65,23,15,10,12,26,27,16,9,50,38,69,37,69,27,41,39,48,30,27,36,69,61,48,45,41,53,48,63,50,18,29,25,64,87,78
아르헨티나,관광,256,149,176,260,404,263,227,202,173,270,290,412,274,233,228,342,385,245,183,292,232,307,365,369,351,438,383,302,414,286,283,372,256,322,493,395,290,365,281,374,463,258,192,294,204,291,509,393,284,303,324,564,519,312,290,357,290,118,128,159,311,146,188,191,169,375,362,382,209,330,202,402,468,318,224,372,312,580,673,549,340,382,391,625,694,405,302,467,462,932,1005,821
아르헨티나,상용,2,2,7,2,5,6,0,7,5,7,3,8,5,6,2,5,3,2,3,2,2,1,1,3,4,2,0,3,1,3,1,5,3,5,3,3,2,1,3,3,4,2,2,2,2,3,8,4,2,1,3,1,1,0,0,0,1,0,2,2,1,1,0,1,0,2,0,1,2,1,0,3,1,2,1,1,2,1,1,1,1,1,1,1,1,1,1,0,3,0,1,3
아르헨티나,공용,0,1,0,6,5,0,0,0,1,1,0,3,0,0,0,6,1,0,0,0,1,0,0,0,1,1,2,0,1,0,2,0,0,5,4,0,0,0,0,3,0,0,0,1,1,7,2,1,2,1,1,0,1,0,1,0,1,0,2,0,1,1,0,1,1,1,0,0,0,1,3,1,0,0,0,0,0,1,0,1,1,4,0,1,0,0,0,0,0,0,1,0
아르헨티나,유학연수,0,27,6,28,48,1,0,1,7,1,1,2,0,1,10,1,12,2,3,3,4,4,4,3,1,3,11,4,2,1,3,4,14,0,1,2,2,2,8,1,1,1,1,4,9,3,0,0,3,7,10,0,1,0,1,4,14,0,11,2,0,0,0,3,7,3,0,2,5,4,16,2,1,0,0,4,13,0,4,8,6,9,14,2,1,3,3,3,7,3,1,2
아르헨티나,기타,65,43,72,79,116,73,40,51,42,68,65,105,96,160,125,103,95,73,74,76,64,85,71,60,58,49,54,57,70,41,52,45,49,67,86,51,47,69,45,56,76,52,43,53,36,97,95,54,63,48,62,80,90,62,43,61,51,33,24,53,36,39,42,57,32,90,119,121,97,110,99,98,158,138,67,53,49,118,161,142,134,156,172,144,201,108,85,66,78,159,215,257
콜롬비아,관광,271,236,227,375,370,294,204,152,156,262,292,371,335,230,261,247,462,307,272,175,176,266,486,416,426,397,286,409,397,505,249,219,217,356,431,432,529,491,346,541,582,493,295,233,221,500,604,539,595,601,553,735,647,530,438,293,216,141,173,307,444,264,269,172,150,414,443,446,451,639,389,610,676,451,331,251,279,681,878,969,729,756,646,1027,1365,898,605,385,311,971,1555,1155
콜롬비아,상용,3,0,1,1,4,3,3,5,6,3,2,6,2,2,4,7,2,3,5,6,5,3,3,3,2,0,0,0,0,0,0,0,0,0,1,0,0,0,0,1,0,0,1,2,1,2,3,0,0,4,0,2,1,0,0,1,0,2,0,0,0,2,2,1,1,1,3,0,2,1,0,2,2,2,0,2,0,0,1,1,2,0,2,2,2,2,0,2,1,0,0,1
콜롬비아,공용,1,1,0,2,5,1,3,2,4,0,2,1,2,0,7,4,3,7,0,8,0,4,6,6,0,6,1,3,7,3,2,2,0,2,0,4,5,2,4,3,5,4,1,7,2,1,1,6,7,5,2,17,15,16,11,8,2,2,5,2,2,4,1,3,4,8,3,7,10,8,14,8,16,3,0,11,3,9,4,10,4,8,5,7,11,3,2,9,7,9,8,8
콜롬비아,유학연수,4,14,51,9,8,11,7,19,46,11,4,7,14,12,39,9,6,12,9,13,50,12,4,10,11,21,42,7,10,5,8,16,47,13,3,7,12,20,56,12,10,20,18,19,52,17,5,14,11,16,51,12,5,18,13,24,39,11,65,11,4,3,11,25,65,10,4,10,12,15,68,13,5,8,8,25,71,7,7,19,21,20,80,11,10,19,13,27,58,22,2,18
콜롬비아,기타,151,66,102,118,132,59,44,62,65,74,98,169,175,170,153,166,145,81,74,95,85,88,54,58,36,69,45,42,69,28,35,33,25,35,56,71,54,65,65,61,103,59,48,68,59,62,86,97,60,44,101,72,96,58,47,50,48,38,55,41,31,31,51,49,49,85,110,99,144,104,115,89,144,99,42,69,68,216,202,144,141,158,179,216,226,170,107,134,136,248,287,299
페  루,관광,196,130,145,243,263,186,145,139,115,174,163,252,287,198,229,238,276,175,144,131,178,185,230,291,186,224,206,278,318,204,174,190,232,267,295,281,224,261,254,301,354,325,215,177,183,283,338,317,268,416,373,402,451,312,258,276,253,83,86,127,203,235,139,156,154,223,302,346,330,380,264,301,428,370,250,219,226,421,456,380,401,354,356,464,480,357,304,254,293,455,642,509
페  루,상용,2,2,1,9,2,4,2,0,0,3,1,3,1,0,0,0,0,1,0,1,1,2,0,3,0,1,0,0,1,2,1,0,0,0,1,1,1,1,1,3,0,1,1,1,0,1,2,8,1,2,1,3,2,1,2,1,0,2,1,3,11,2,0,2,1,3,3,3,5,4,0,3,15,2,2,1,1,0,2,2,2,3,2,7,6,4,2,1,2,1,3,2
페  루,공용,3,0,3,9,1,3,15,3,2,2,6,36,2,5,6,5,2,5,2,3,8,6,2,2,8,6,6,0,9,6,3,4,13,4,2,4,4,7,3,6,6,14,8,5,10,2,14,5,8,12,10,16,15,5,5,10,6,3,5,1,1,4,0,4,1,8,2,4,5,8,2,6,3,10,5,6,3,3,3,0,2,6,11,6,3,10,5,3,12,3,4,20
페  루,유학연수,5,12,43,8,4,4,2,12,33,14,0,1,7,11,40,12,6,6,6,8,31,3,3,6,1,7,46,5,5,3,7,12,29,6,1,2,6,8,38,9,1,8,2,15,43,10,3,5,7,9,43,13,1,6,6,17,39,2,54,3,4,8,13,12,38,10,3,7,6,14,48,8,5,11,4,12,51,5,0,10,9,14,53,8,0,8,6,16,32,18,2,5
페  루,기타,239,104,181,179,166,91,54,53,87,121,220,363,376,449,491,510,369,380,271,250,311,134,62,120,96,134,118,84,63,8,32,10,41,66,87,82,83,47,100,74,98,29,17,53,28,39,94,72,53,16,146,43,63,42,26,23,12,11,23,14,20,13,12,14,7,65,84,74,109,84,29,307,106,54,14,18,20,133,156,89,108,89,81,100,92,28,25,36,53,148,176,151
베네수엘라,관광,236,79,79,220,95,95,63,59,49,75,92,82,104,93,91,90,113,67,58,73,35,87,59,149,141,102,72,76,92,69,55,60,77,84,115,91,82,88,86,126,85,80,88,53,65,87,96,105,113,109,110,90,114,99,60,56,80,28,25,50,74,39,59,25,29,57,68,75,65,107,83,104,94,93,55,64,73,127,146,128,100,93,96,167,175,103,63,67,55,152,186,160
베네수엘라,상용,2,2,6,7,2,1,1,8,0,3,3,5,2,6,3,1,4,3,0,5,1,3,0,3,0,0,1,1,0,0,0,3,0,1,0,1,0,3,2,2,1,3,0,3,3,1,1,1,0,3,1,0,1,0,1,1,0,2,2,2,0,2,1,4,3,2,2,1,0,3,2,1,0,0,1,3,4,1,3,2,2,0,5,4,2,0,1,6,0,1,3,0
베네수엘라,공용,0,0,3,1,0,1,0,0,0,0,1,0,1,0,1,0,0,0,0,1,1,1,0,0,2,1,5,2,3,1,2,2,0,2,0,2,0,2,0,0,0,3,1,3,1,1,4,0,3,1,3,4,0,1,0,4,0,0,1,2,0,0,0,0,3,0,0,0,0,1,1,3,3,1,0,2,0,0,4,1,1,0,4,0,0,3,0,1,0,4,1,3
베네수엘라,유학연수,0,0,4,0,0,1,1,5,6,1,0,2,2,3,9,5,1,2,3,4,2,2,1,1,1,3,5,1,1,1,1,3,8,3,3,3,1,4,10,0,1,2,2,9,6,3,3,0,2,3,8,4,4,5,1,6,7,0,9,0,1,2,1,2,8,1,1,2,2,1,6,1,0,3,1,3,5,0,0,1,2,3,11,2,1,3,2,4,8,3,1,2
베네수엘라,기타,35,39,50,35,58,38,36,54,55,67,52,66,71,90,75,91,88,62,64,86,56,69,66,66,49,73,63,74,88,67,65,102,66,75,67,71,53,76,60,60,70,68,63,82,63,81,77,58,60,56,58,65,73,59,65,91,99,25,29,17,30,24,27,44,36,34,46,36,26,40,35,33,60,21,29,27,24,69,43,44,33,58,60,35,51,38,37,37,20,38,37,26
러시아(연방),관광,8940,9153,9977,10126,12005,11090,9930,10935,8593,12675,14173,14191,13756,13432,12416,13047,15848,13271,12428,13107,11559,16221,18496,15439,17362,16593,14096,15449,18121,16545,14289,15098,14619,18464,22729,18503,19587,22168,15521,15994,20074,16134,15774,17260,12512,20692,25342,24861,21774,21331,20964,21349,25818,19717,18951,20746,15487,2876,2817,3174,3028,4206,5251,4374,3429,6907,8634,7592,8303,9687,7968,8593,8922,6454,5735,5070,4209,10708,13006,10766,10104,14987,10880,11720,14409,8789,6723,5594,5034,12193,18959,15179
러시아(연방),상용,127,136,166,129,151,147,127,143,115,160,152,155,132,136,148,169,154,134,121,171,131,186,154,142,120,175,124,140,151,131,125,169,93,167,176,121,143,129,136,148,128,134,119,181,139,141,166,165,175,164,133,175,166,199,172,192,155,26,55,67,62,93,44,107,58,73,81,79,71,75,100,88,95,74,76,120,86,94,118,83,69,77,110,103,119,96,82,108,97,122,132,135
러시아(연방),공용,21,19,32,57,24,16,15,22,12,13,8,19,28,31,57,33,28,9,19,11,17,9,38,13,58,16,50,34,28,14,15,15,7,20,14,19,29,35,41,41,26,22,18,37,24,13,25,39,33,43,39,36,50,37,22,42,10,13,20,15,6,8,5,18,5,9,3,6,7,14,34,13,16,5,18,16,1,14,7,10,3,13,13,21,12,27,14,11,16,15,5,13
러시아(연방),유학연수,60,42,445,136,18,37,64,73,348,89,19,44,72,68,462,124,37,41,68,105,354,125,28,75,59,59,540,114,52,52,73,127,363,141,33,63,89,96,516,167,38,68,83,191,391,182,41,87,110,109,592,155,48,87,107,139,288,61,496,139,34,129,121,144,500,183,43,107,108,154,885,234,66,151,169,232,628,273,48,153,149,209,1124,277,95,218,192,310,785,331,77,241
러시아(연방),기타,5220,4174,5316,5456,5440,5182,6028,5289,5054,6307,7382,7242,5923,5892,5798,6016,7229,6537,7096,6021,5726,6410,8003,7064,5871,6053,6507,7319,7052,6331,7104,6525,5807,6941,8361,7981,6948,5832,6787,7038,7887,7022,7014,7525,6935,6964,8631,7803,6574,6774,6972,8551,7297,6668,7318,7772,6217,2665,2720,2996,3423,3111,3048,4508,5088,5966,6422,6335,5866,5687,5211,4887,6458,6153,5727,6070,5636,5618,6115,6298,5428,5613,6565,6121,6235,5746,5476,5490,5925,6661,7654,6065
폴란드,관광,783,818,651,1139,970,722,483,471,508,726,881,908,871,857,763,1003,1490,1260,653,619,818,1254,1451,1143,1031,1254,1185,1252,1181,1149,733,754,1025,1068,1480,1136,1027,1272,1269,1533,1486,1221,714,713,619,1264,1615,1489,1479,1330,1571,1870,1549,1333,789,734,559,542,641,1137,1219,1006,685,541,610,1467,2586,1845,1707,2003,1982,2646,2310,2121,1000,1170,1174,2669,4242,3548,2371,2494,3244,4106,3455,2855,1264,1171,1615,4056,5145,4357
폴란드,상용,26,30,39,37,18,20,15,34,26,21,38,61,26,21,28,27,29,27,14,31,26,25,16,34,18,28,25,22,29,23,20,29,13,17,17,21,14,12,12,20,18,16,12,10,14,8,9,10,12,12,10,14,14,10,12,18,12,6,23,8,11,18,7,14,7,10,5,12,9,10,4,11,30,23,14,19,18,10,8,9,14,22,10,13,17,11,13,19,11,5,18,7
폴란드,공용,0,1,0,1,1,0,1,0,0,0,1,0,1,0,0,0,0,1,1,1,3,0,0,3,0,0,1,1,1,0,0,2,1,1,0,0,0,1,7,1,0,1,5,0,0,1,7,3,0,1,3,1,6,1,0,4,0,2,2,1,0,2,1,4,4,2,4,3,4,4,5,2,6,3,1,3,0,3,2,2,2,1,3,6,17,2,4,3,9,19,11,4
폴란드,유학연수,16,10,89,10,6,21,13,24,64,13,12,19,25,20,78,9,3,23,16,25,53,9,5,13,14,14,74,16,18,17,5,20,55,19,8,12,14,16,87,18,4,18,16,27,74,21,11,26,20,24,95,17,9,28,21,23,52,11,132,5,1,17,18,21,104,23,5,13,30,24,139,22,8,28,31,34,115,18,7,38,45,41,190,23,17,49,45,51,151,31,22,69
폴란드,기타,430,324,350,396,363,296,328,288,439,462,452,362,398,436,504,515,677,521,526,471,558,577,568,452,535,596,741,626,608,631,659,699,589,644,597,701,644,593,583,596,631,657,545,574,559,666,659,731,690,587,647,668,748,647,585,779,583,385,376,353,474,447,444,472,460,582,656,635,677,669,642,759,837,718,628,499,674,671,953,994,971,947,913,982,1117,783,612,756,674,871,807,785
덴마크,관광,650,719,550,724,1186,714,480,549,496,763,712,852,738,895,642,758,1185,718,481,604,540,810,821,702,767,852,628,942,1073,735,435,517,592,962,965,824,714,1051,682,890,1314,761,497,520,469,813,1196,979,767,1348,728,1101,1559,907,583,484,500,510,501,628,956,649,415,361,347,1201,1223,886,817,1876,766,1169,1661,959,500,565,448,1571,1404,1211,873,1523,1007,1343,1873,1096,705,456,543,1277,2028,1148
덴마크,상용,70,64,107,81,85,86,56,98,77,63,69,57,38,46,48,36,35,38,31,42,30,30,32,33,22,23,13,23,19,17,17,24,18,15,24,17,19,14,20,17,8,9,10,21,12,11,16,14,7,8,13,12,12,11,11,19,7,10,7,11,12,9,6,24,8,15,6,14,16,9,23,15,28,22,17,20,16,22,13,18,20,14,28,28,30,30,23,32,22,21,23,17
덴마크,공용,3,3,4,3,4,2,2,4,5,1,2,2,1,4,2,1,3,5,2,5,1,3,2,7,2,8,5,3,8,6,4,7,4,9,5,16,5,4,11,6,6,5,6,6,5,5,10,11,8,10,10,11,5,11,5,18,5,1,3,2,2,0,1,5,0,4,3,2,1,0,4,1,0,1,1,3,1,1,0,3,3,0,7,1,5,3,5,1,0,4,0,1
덴마크,유학연수,6,7,120,17,15,44,17,16,37,1,9,8,10,14,107,10,25,38,18,20,51,1,3,8,8,14,136,5,45,47,22,20,57,11,7,28,11,17,129,16,16,30,28,16,77,10,14,29,27,15,162,8,39,59,25,15,54,12,155,4,4,31,24,28,59,4,6,20,8,24,154,5,21,39,21,30,63,6,5,20,18,22,160,11,13,51,38,26,50,10,5,25
덴마크,기타,137,159,201,158,150,132,134,145,140,143,151,162,124,137,143,130,167,137,107,138,141,140,144,162,161,167,135,117,184,174,121,131,131,164,168,132,127,123,160,116,139,104,131,188,131,162,151,148,130,126,132,112,187,132,158,129,74,80,92,59,70,81,52,88,66,88,98,105,95,94,103,109,138,116,90,128,87,112,133,102,125,111,143,118,134,106,81,123,59,91,81,112
그리스,관광,452,438,344,478,572,430,310,356,374,485,496,528,495,468,395,375,575,539,359,466,441,507,489,436,425,447,365,474,485,458,509,447,483,536,532,512,493,457,394,526,534,492,463,481,381,509,501,495,508,569,508,717,695,609,476,379,463,411,377,335,401,410,435,310,283,541,637,412,395,476,521,397,622,479,317,347,314,840,873,745,483,561,677,682,703,795,408,398,408,924,1094,750
그리스,상용,27,21,46,35,28,31,25,56,49,29,25,41,31,33,58,42,37,21,31,57,24,26,21,31,23,31,43,32,30,22,16,28,14,21,20,26,17,14,35,30,16,14,16,17,27,13,15,21,18,11,36,29,21,16,18,37,14,8,20,14,18,11,4,15,3,8,10,11,8,13,23,12,12,3,5,22,10,8,12,13,9,9,17,20,13,11,8,16,21,15,19,19
그리스,공용,0,1,1,2,1,0,1,2,0,3,0,0,0,1,3,0,1,2,4,2,1,3,1,2,0,2,5,1,1,0,2,7,3,1,9,2,3,3,0,3,1,3,4,4,0,10,0,2,1,5,0,1,2,3,0,8,0,1,1,1,2,1,2,2,1,2,1,1,0,0,1,2,1,2,0,2,2,2,1,1,1,0,0,2,2,1,0,1,1,2,3,3
그리스,유학연수,2,0,5,1,0,1,1,1,5,1,0,2,1,1,4,1,1,2,0,2,2,1,2,1,2,0,4,0,0,0,3,3,5,1,0,0,1,1,8,0,1,1,3,0,5,1,0,1,3,1,7,2,0,0,1,0,4,2,20,1,1,0,2,2,16,1,0,4,6,4,16,5,1,3,4,4,16,3,0,4,9,2,25,1,2,9,6,4,17,2,0,3
그리스,기타,359,232,373,447,496,326,333,297,330,366,373,539,439,407,499,443,532,384,372,370,415,386,277,223,263,223,258,318,376,221,277,227,247,340,296,230,276,227,249,234,350,264,167,273,194,270,282,230,235,213,227,274,296,263,259,199,182,177,171,99,162,140,139,156,142,118,273,146,147,139,254,108,338,288,142,209,248,243,368,308,266,297,337,226,245,207,192,153,168,257,353,293
스위스,관광,840,1170,992,1127,1579,1009,650,609,682,1094,1392,1120,1001,1430,1097,1102,1592,1000,699,693,786,1051,1695,1163,959,1312,1099,1266,1573,1087,789,849,2076,1333,1617,1307,1037,1529,1216,1526,1856,1018,713,613,710,1054,2068,1434,1132,1921,1478,1795,1973,1037,896,614,432,896,811,1076,1376,758,622,412,542,1496,2601,1572,1221,3386,1517,1983,2156,1080,781,847,808,2496,2918,2252,1563,2475,1989,2552,3131,1460,1014,641,796,2082,3995,2516
스위스,상용,23,24,21,25,18,23,18,25,20,27,23,24,24,19,27,26,21,25,18,27,15,23,17,28,23,21,25,27,31,24,22,34,22,34,22,34,39,25,27,20,20,18,22,18,17,13,15,22,19,13,22,20,20,23,14,25,11,6,4,5,6,2,6,7,2,8,7,8,1,7,3,6,4,0,4,4,3,6,4,2,1,2,6,5,3,5,3,12,6,4,4,10
스위스,공용,0,0,0,2,0,2,2,0,2,0,0,1,3,2,0,3,0,3,2,2,0,4,2,1,2,2,1,2,0,2,1,1,1,2,4,4,1,3,0,4,1,1,3,0,0,1,9,1,3,4,0,7,3,1,4,4,2,5,2,0,1,5,0,4,2,1,2,3,0,3,1,4,1,2,1,7,2,1,1,1,2,2,2,0,2,4,1,4,3,2,1,1
스위스,유학연수,6,17,64,18,9,32,16,21,69,14,17,37,12,9,78,7,13,43,23,24,65,9,11,29,8,22,74,7,18,41,18,18,69,10,14,20,20,20,70,4,9,23,17,19,67,21,11,30,14,15,80,11,10,40,18,20,62,16,139,10,3,23,28,42,110,21,14,34,23,19,126,18,13,28,31,34,121,24,15,54,40,32,144,15,16,67,51,40,108,26,19,88
스위스,기타,56,79,89,72,134,69,60,78,73,83,71,79,115,78,111,126,102,66,74,87,78,97,99,93,73,102,89,91,106,103,70,155,231,120,93,87,116,78,94,113,95,132,76,97,83,135,133,98,71,76,84,90,131,71,82,99,59,67,46,79,72,57,53,79,49,72,79,62,89,66,76,73,122,77,66,100,64,126,88,150,191,206,209,195,154,77,72,82,71,196,242,170
노르웨이,관광,1097,985,703,908,1360,817,551,759,657,1426,897,907,1300,925,814,950,1220,976,597,761,792,1060,1597,770,1188,1093,583,842,992,711,515,536,1355,1172,776,609,907,1086,648,839,1069,891,572,552,455,723,1382,716,1069,1398,584,962,1108,656,557,437,354,347,372,455,628,466,429,396,348,926,916,640,1082,1890,540,728,879,646,424,519,447,1340,954,752,1181,1544,635,1071,1055,784,634,489,460,1100,1772,890
노르웨이,상용,432,407,502,431,419,432,311,478,364,362,311,393,256,242,325,311,262,283,241,479,287,353,321,307,201,216,224,162,216,201,162,259,129,128,133,137,113,129,146,109,149,111,83,66,38,37,29,19,27,19,36,30,24,27,22,29,10,11,9,13,15,21,6,29,10,20,26,20,21,16,26,13,24,29,10,40,20,24,21,23,18,9,18,18,11,17,20,27,14,22,19,20
노르웨이,공용,1,2,3,0,3,1,0,5,5,1,5,2,1,1,1,5,1,3,0,3,1,2,3,2,2,4,0,5,4,8,2,5,0,0,0,1,1,2,4,1,7,3,1,4,3,1,3,0,0,4,3,2,4,2,1,6,0,1,2,6,1,5,0,11,15,2,2,2,2,3,3,0,0,1,4,0,1,4,2,0,6,5,3,1,4,8,3,1,1,0,3,2
노르웨이,유학연수,5,12,58,19,6,24,13,19,56,20,9,16,10,23,69,5,11,18,10,21,53,7,2,23,7,7,86,11,25,23,14,26,50,14,7,21,16,6,97,20,6,23,27,28,45,24,8,32,11,18,116,20,9,29,30,23,54,10,107,9,1,14,15,39,77,15,5,19,7,22,106,8,6,29,13,30,72,18,10,18,7,15,117,15,8,44,34,32,95,24,14,37
노르웨이,기타,80,150,293,171,150,178,107,253,187,138,229,157,108,156,226,173,163,132,133,228,133,153,186,146,113,86,123,72,114,106,64,167,230,94,90,95,62,70,88,84,86,63,62,151,36,73,67,53,49,55,64,40,73,123,53,48,23,37,39,34,48,34,27,55,50,35,49,57,48,39,53,28,137,52,37,75,38,45,47,64,52,35,53,45,38,65,55,77,50,46,49,56
스페인,관광,1217,1356,1506,1577,1854,1566,869,847,847,1558,1397,1601,1579,1737,2093,1686,1953,1559,1066,879,959,1534,1769,1497,1525,1874,1972,1831,1862,1853,1142,1157,1093,1918,1700,1884,1857,2350,2875,2186,2608,2094,1201,1010,1006,1675,2314,2032,2238,2709,3926,2764,2777,2211,1425,1121,750,1080,1500,1483,2085,1622,1175,864,893,2256,3023,2109,2091,3250,4711,3202,3362,2852,1564,1207,1314,4382,3426,3104,3016,3882,6386,4566,5027,3680,2041,1301,1533,3713,5495,3985
스페인,상용,29,25,33,29,33,28,13,43,20,29,33,25,34,24,39,37,26,32,19,43,21,24,26,25,13,23,18,21,23,22,19,29,20,22,16,18,17,18,16,25,15,22,18,36,17,21,20,20,27,18,29,27,35,26,12,42,4,9,17,8,9,6,7,18,9,12,14,11,11,11,21,21,14,14,14,27,23,19,16,22,15,13,25,21,12,14,10,33,21,17,14,15
스페인,공용,7,2,10,8,4,4,6,10,5,13,3,19,5,11,13,10,8,7,18,12,3,4,11,18,8,10,13,3,12,6,12,8,7,9,9,8,4,14,8,11,6,10,9,15,5,10,14,17,7,20,18,14,10,14,17,26,8,6,8,8,5,10,5,11,8,6,15,9,9,12,14,9,11,7,5,17,11,12,11,11,13,8,10,17,15,9,12,17,7,11,6,7
스페인,유학연수,17,22,167,25,34,78,32,40,118,23,9,58,23,30,221,14,51,127,40,60,130,32,20,60,33,26,215,30,61,125,48,58,121,43,25,70,40,27,212,37,33,92,49,52,129,36,29,64,51,35,253,30,49,121,68,65,111,20,394,51,7,85,100,93,243,55,33,102,42,60,381,34,23,183,83,110,214,49,26,145,86,68,398,37,68,239,196,131,253,60,60,179
스페인,기타,270,301,353,346,361,242,221,310,302,299,325,359,338,445,422,389,374,273,257,330,269,264,250,323,218,279,302,270,379,266,228,380,271,276,272,277,216,250,274,292,276,262,199,255,216,265,301,270,267,284,328,299,269,238,211,306,195,210,204,202,162,227,165,244,162,192,211,200,211,277,277,234,311,223,171,329,204,289,246,259,229,251,291,271,242,201,189,331,205,263,329,243
루마니아,관광,458,362,347,506,543,423,351,347,298,470,453,589,447,397,479,507,563,402,299,301,304,511,575,375,355,390,387,578,544,468,330,290,335,475,565,488,447,406,460,578,592,447,354,412,334,494,721,542,524,503,638,675,655,607,349,372,228,293,338,409,685,376,327,210,282,669,933,641,513,598,637,969,1165,740,355,364,354,1198,1501,1060,681,743,892,1134,1417,686,521,343,436,1442,2070,1077
루마니아,상용,19,17,27,21,20,18,13,25,12,25,12,23,21,12,22,18,19,17,16,38,14,14,16,26,23,13,18,10,16,10,4,19,6,10,10,16,1,8,8,16,6,2,6,8,4,5,6,4,9,8,10,12,5,5,8,17,5,6,8,6,9,5,9,12,7,10,12,11,6,9,11,12,15,6,6,10,15,11,9,16,7,4,7,11,11,8,14,16,8,9,7,9
루마니아,공용,4,0,4,34,1,1,0,1,0,2,1,0,2,0,7,4,8,4,0,1,3,0,5,1,0,4,0,7,10,0,1,1,1,1,5,1,4,0,4,6,8,11,7,4,4,3,3,1,7,1,3,5,15,6,1,7,1,4,2,7,2,3,7,14,3,5,7,7,0,3,3,6,10,6,2,3,1,10,47,8,6,2,2,51,2,19,9,5,11,9,13,9
루마니아,유학연수,2,9,35,0,2,3,3,12,23,5,0,3,3,7,24,4,4,4,2,13,18,3,5,7,3,6,24,8,7,6,6,10,23,5,6,1,4,13,21,9,4,3,4,3,30,2,1,8,5,6,32,4,1,4,3,10,18,7,36,5,1,2,2,13,32,3,2,6,4,8,31,8,2,7,5,11,31,3,3,5,5,10,47,9,5,5,9,15,31,13,8,17
루마니아,기타,751,405,797,901,865,721,562,610,587,781,953,1101,1157,1332,1228,1251,1227,897,819,775,878,921,621,571,448,559,590,560,556,393,367,412,276,479,559,583,527,478,433,438,691,458,341,445,399,540,592,567,439,427,749,483,619,418,413,450,219,195,147,162,188,163,112,160,161,308,379,346,335,284,254,358,499,351,334,262,312,589,562,530,478,386,412,351,526,358,274,315,292,450,599,558
벨기에,관광,572,716,635,802,951,783,453,510,401,783,757,832,747,893,708,876,1130,666,547,485,512,942,910,787,900,837,741,930,895,766,449,515,581,870,1131,805,753,1101,747,954,1195,811,585,490,452,1161,1313,1012,986,1374,995,1300,1281,941,570,471,343,692,579,848,938,770,478,363,461,961,1613,1282,911,2555,1109,1623,1629,1058,678,467,652,1439,2262,1637,1213,1770,1382,2020,2136,1231,765,532,689,1342,2642,1831
벨기에,상용,19,20,17,20,19,22,15,18,21,16,26,20,16,22,19,25,18,15,7,20,9,20,13,20,13,13,15,19,22,20,17,23,13,10,19,17,17,16,22,10,16,17,19,24,16,16,20,21,19,15,17,15,17,24,11,27,8,8,12,6,15,12,10,20,14,16,9,14,13,15,16,16,17,28,12,28,19,17,10,24,9,24,24,19,21,18,10,24,22,20,12,15
벨기에,공용,2,2,2,1,11,3,1,5,2,1,6,3,2,12,3,0,3,5,7,5,2,1,1,3,4,2,6,5,4,7,1,2,3,1,3,9,4,3,4,5,2,6,2,4,2,20,5,4,1,1,4,9,3,3,3,3,3,0,2,3,2,3,2,2,2,6,4,7,6,8,4,6,10,5,5,3,6,7,2,6,2,9,16,9,3,11,3,8,2,2,4,6
벨기에,유학연수,6,11,53,12,4,17,5,16,40,10,2,21,10,12,75,2,11,42,21,21,31,5,5,7,6,6,79,11,18,29,19,26,39,5,7,19,3,14,88,13,6,37,24,22,41,9,8,23,10,13,112,20,23,76,29,23,35,7,169,11,0,37,25,37,76,11,3,15,19,23,128,15,5,43,38,22,67,10,6,31,21,20,139,16,9,45,43,30,94,18,9,50
벨기에,기타,108,105,191,131,137,110,112,163,148,145,159,169,124,156,182,166,157,142,139,177,120,167,171,180,174,166,173,165,181,150,134,189,178,179,148,167,137,147,166,164,180,136,136,169,143,194,144,185,165,146,177,198,181,161,141,198,158,135,165,154,179,152,162,192,164,190,164,148,148,149,165,160,178,161,148,174,131,139,160,176,128,150,193,149,163,177,183,189,144,183,210,170
독  일,관광,5375,5481,6396,8003,10076,7239,4805,5548,4975,9173,8366,7659,6889,7337,6952,8213,10171,7205,4734,4952,5544,8794,9542,7336,6258,7166,6919,8447,9098,7355,5385,5532,7316,9536,9221,7838,6739,7407,7461,9094,10862,7483,5220,4925,4878,9496,10819,8262,7284,7953,8239,10802,11460,7750,5714,4648,3725,4116,5326,7109,7100,5048,3946,3246,3920,10262,15997,9716,7217,9806,9760,12845,12207,7661,5516,4563,5046,16684,19104,13076,7952,8817,11273,15030,16017,8581,6555,4352,5527,16159,25717,13352
독  일,상용,248,220,265,234,278,237,206,337,243,247,268,257,250,238,273,290,253,257,211,342,226,261,233,238,238,213,215,195,249,235,160,256,183,240,257,249,224,214,235,231,247,213,171,278,258,219,212,220,209,211,236,218,207,227,139,239,133,89,133,127,123,142,97,198,110,132,190,169,155,147,175,156,177,180,118,221,134,123,175,157,159,152,175,146,134,177,113,191,172,183,173,176
독  일,공용,9,19,20,18,30,17,9,21,13,12,12,10,28,18,19,17,33,15,19,27,16,14,19,15,30,22,27,19,30,27,15,28,81,23,30,30,25,21,26,28,42,27,17,19,15,29,28,23,25,29,24,21,28,38,21,34,19,14,31,13,26,26,13,23,15,17,22,21,18,23,23,13,13,20,14,30,13,16,22,16,21,25,30,23,12,35,11,31,14,18,27,23
독  일,유학연수,74,89,689,70,89,288,138,147,485,61,96,200,119,111,832,65,121,362,150,171,511,59,61,239,108,103,808,66,215,306,180,176,514,72,82,165,146,144,834,126,86,288,200,177,525,106,84,213,160,109,1027,89,158,391,265,205,491,108,1379,81,28,188,266,272,850,92,52,189,157,195,1365,89,102,317,253,290,864,130,139,308,222,258,1350,126,113,430,416,331,848,151,126,374
독  일,기타,1216,1199,1417,1200,1775,1172,955,1260,1099,1623,1550,1452,1350,1506,1875,1649,1647,983,996,1228,1160,1430,1857,1352,1310,1645,1692,1699,1616,1193,989,1336,1483,1368,1334,1417,1290,1315,1454,1281,1398,1447,1026,1451,1190,1292,1730,1385,1269,1373,1633,1540,1469,1413,1165,1491,1231,1766,1837,1676,1931,1769,1500,1581,1302,1584,2182,1561,1515,1439,1552,1388,1648,1594,1159,1380,1153,1618,1856,1632,1712,1365,1649,1470,1414,1395,1077,1148,1036,1823,1804,1326
영  국,관광,5366,5717,6515,7561,10059,8111,6200,6572,5653,10985,9668,8594,8565,8657,8672,8780,10390,8921,6162,7260,5728,12459,11407,8193,7689,8857,8101,8659,9618,7382,6476,7023,8156,10611,11679,9056,8600,9002,8545,8931,11971,8588,6439,7982,5864,11064,14760,9737,9538,9208,9810,11473,14117,9931,7356,6811,3936,3606,4140,4523,5785,4753,4640,4207,3858,9824,14150,9257,7608,12904,8227,9493,11858,8865,5835,5153,5439,14831,17518,12222,10264,9854,11221,12011,15379,9762,7068,5335,6016,14441,22876,15045
영  국,상용,570,536,703,644,623,576,454,624,430,386,389,377,372,337,436,356,357,350,272,521,273,351,298,289,196,190,194,158,211,157,129,228,136,164,162,162,165,139,176,180,139,142,112,175,150,126,141,137,129,128,141,156,150,123,103,186,68,55,65,61,69,56,56,106,67,76,80,82,67,89,79,72,100,87,86,116,65,56,69,56,50,54,77,81,62,58,57,80,63,50,71,63
영  국,공용,14,9,16,47,10,18,3,22,5,12,4,6,12,13,10,7,15,56,10,13,14,11,13,8,8,27,16,12,21,15,10,14,11,12,19,6,11,19,19,23,15,35,9,17,8,13,19,16,10,14,26,28,14,15,16,22,15,12,14,17,14,16,9,31,16,8,16,19,16,17,24,21,25,19,13,37,22,19,30,19,18,19,40,33,14,23,24,33,19,30,18,14
영  국,유학연수,30,23,133,29,7,57,31,41,91,32,10,52,20,20,164,10,10,41,29,33,115,29,14,33,36,27,184,12,24,21,22,48,116,37,17,42,25,41,202,19,11,36,26,41,105,50,18,44,46,44,239,13,20,40,47,72,123,17,281,58,4,10,26,82,203,46,16,52,42,49,323,23,15,37,44,103,192,60,32,67,53,53,309,31,9,55,60,102,195,91,44,78
영  국,기타,1652,1636,2856,1882,2646,1584,1256,2142,1962,2034,2008,2233,2329,2896,3474,2769,2419,2044,1832,2485,2141,1959,1610,1570,1304,1581,2301,1330,1748,1275,1206,2086,1915,1433,1486,1537,1785,1482,2190,1600,1677,1266,1201,1933,1749,1560,1769,1588,1432,1432,2900,1655,1610,1433,1213,2026,1424,752,1175,561,743,616,852,1372,961,842,1011,1107,822,1177,1691,868,1354,982,955,1341,1187,1027,1419,1198,1032,1189,1811,1227,1182,1026,1009,1355,1105,1105,1450,1406
프랑스,관광,4437,5173,5641,5326,6888,5223,4174,3406,3888,5338,7111,6566,5853,6931,6550,5907,8226,5486,4268,3499,3889,5743,8066,6321,5686,7160,6581,6219,7330,5658,4257,3956,4937,5665,8835,7316,6079,8158,7869,6347,9261,6133,4426,3773,3685,5824,10034,8254,6915,9121,9744,8587,10681,6369,5202,3951,3355,4719,5592,5842,8263,5466,4314,2796,3785,8052,14315,11209,7695,10844,12930,10558,13036,9168,5813,4271,5664,10388,20541,15178,9393,12409,15149,12583,17552,10655,7248,4521,6272,10903,20832,15049
프랑스,상용,367,364,561,403,454,397,311,554,424,479,395,462,378,393,529,480,375,324,311,626,268,455,366,437,324,308,336,284,320,244,216,331,209,250,226,241,251,184,271,235,246,215,196,297,235,274,224,267,229,207,246,245,232,225,203,303,123,78,147,96,112,117,99,181,88,147,135,143,143,109,191,104,149,152,122,214,135,184,137,172,143,130,170,159,152,145,111,211,149,182,142,164
프랑스,공용,14,15,53,12,43,75,23,45,29,37,30,43,24,34,48,21,35,32,23,51,15,52,28,37,30,25,72,24,29,32,31,39,29,41,39,24,29,32,51,36,35,44,30,48,30,60,40,54,25,48,75,32,38,55,34,53,27,21,58,21,24,27,24,55,33,46,47,53,40,41,80,36,57,52,30,69,33,57,36,56,39,44,77,61,54,58,31,75,42,55,67,53
프랑스,유학연수,172,122,981,86,112,369,236,212,789,98,106,354,224,173,1072,58,86,385,223,260,876,131,146,389,203,170,1173,67,223,363,274,294,927,174,183,403,246,175,1165,154,107,366,293,288,958,245,164,430,297,217,1420,127,201,490,426,392,907,127,1743,140,16,206,289,395,1454,234,91,377,336,284,1828,131,77,404,434,487,1438,342,156,634,450,324,1838,188,102,528,522,563,1443,358,230,724
프랑스,기타,754,793,1442,1062,1123,720,761,1183,970,1208,1082,1288,840,893,1425,1067,1136,799,856,1328,777,1137,1272,1409,974,1034,1237,1048,1136,860,841,1271,1175,972,891,1406,1111,1036,1366,1172,1164,910,869,1168,922,1066,1154,1390,1093,1123,1499,1251,1394,972,887,1283,708,1002,1345,1119,1124,1320,1362,1438,1263,995,1116,1381,952,1165,1458,1224,1323,1475,1136,1339,1059,1211,1123,1290,964,1087,1216,1146,1178,1242,1146,1349,1008,1332,1535,1450
네덜란드,관광,1402,1885,1698,1879,2372,1947,1305,1493,1273,1879,2255,2053,1846,2729,2396,2230,2678,2051,1455,1502,1661,2164,2621,2106,1851,2626,2165,2260,2268,2102,1549,1635,2926,2042,2716,2414,1995,2984,2475,2528,3096,2419,1649,1592,1580,2219,3452,2737,2252,3500,2848,2816,3318,2339,1802,1560,1076,1793,1467,1829,2197,1636,1384,1107,1215,2546,3683,3207,2354,5688,3715,3534,3658,2556,1743,1531,1540,2959,5455,4440,2570,4540,4319,3951,4709,3118,2062,1456,1761,3548,5959,4792
네덜란드,상용,66,63,67,51,67,60,34,80,63,45,54,62,39,49,54,64,59,68,40,77,42,47,55,46,40,40,38,28,39,27,27,37,31,31,33,32,40,35,35,29,30,36,28,47,33,47,48,31,41,49,47,28,28,26,23,30,16,12,12,10,12,10,12,20,11,14,11,19,5,16,12,9,14,15,14,27,16,13,17,14,8,11,16,14,17,21,16,27,16,22,21,27
네덜란드,공용,7,2,1,2,5,3,3,5,0,6,5,3,5,1,3,4,3,2,7,6,3,7,8,9,13,7,11,9,15,7,7,11,9,6,14,9,6,7,15,9,11,7,10,16,7,12,8,5,4,10,11,9,8,9,8,9,2,2,19,3,3,7,2,12,6,4,6,8,5,12,10,9,13,8,4,19,2,15,16,19,10,10,12,11,6,7,10,12,10,16,6,9
네덜란드,유학연수,38,38,253,22,27,135,55,53,143,8,9,47,34,29,301,8,49,147,63,49,172,18,28,63,29,42,345,21,77,137,76,60,171,20,17,68,34,36,335,38,20,124,82,77,180,20,12,57,35,43,401,18,61,184,100,69,158,38,456,13,7,76,97,72,232,13,9,56,36,55,390,16,23,103,91,50,198,19,20,57,40,61,356,26,23,123,115,83,181,24,12,76
네덜란드,기타,407,429,464,405,517,488,414,537,569,621,618,635,628,687,690,620,662,561,550,617,511,601,674,610,629,599,555,582,639,551,530,586,777,565,522,561,519,507,528,552,560,521,541,537,557,600,569,518,568,539,654,614,628,630,526,888,815,1009,941,906,1024,993,906,929,1413,1357,1048,1057,1069,1081,1065,1018,1120,989,720,829,841,944,1058,1079,1036,978,1181,1189,1162,1095,1037,1078,834,977,1230,1484
우크라이나,관광,604,683,589,571,743,571,516,516,496,672,591,595,685,616,606,707,653,672,541,579,596,844,740,636,732,640,551,686,695,708,683,422,642,682,668,768,578,708,714,751,819,780,533,593,543,630,799,698,606,813,711,715,795,712,600,493,653,513,481,475,632,531,556,337,273,386,365,367,379,456,411,400,544,432,313,369,295,494,507,448,487,463,423,764,825,583,500,403,474,640,772,577
우크라이나,상용,72,53,59,81,110,105,69,51,39,62,127,111,82,55,64,104,185,144,102,72,81,91,138,118,132,77,69,77,136,99,106,74,83,107,95,138,137,61,89,73,158,109,107,58,51,95,76,89,83,100,63,80,179,91,60,78,80,11,13,15,27,25,24,30,22,29,54,33,52,31,26,12,35,65,24,53,32,53,37,53,57,38,33,30,91,37,15,21,67,74,62,66
우크라이나,공용,1,2,0,4,1,0,0,1,0,1,1,0,5,0,2,1,0,6,0,0,1,0,6,1,2,2,1,2,5,0,2,3,3,5,15,2,2,4,4,5,3,2,9,3,2,6,7,2,3,5,5,5,11,3,3,8,3,0,1,0,3,3,0,6,3,3,6,23,10,6,4,3,0,5,3,0,1,8,2,1,9,3,1,7,6,15,6,5,2,3,5,4
우크라이나,유학연수,6,3,36,12,2,4,7,5,43,10,3,1,10,9,51,16,4,6,5,18,32,13,3,5,3,18,48,16,4,3,8,17,34,13,5,12,13,12,62,20,6,10,10,28,57,17,8,10,21,31,64,26,4,11,8,33,52,7,44,18,3,6,9,14,52,11,3,8,10,8,63,20,6,11,12,32,57,19,3,7,12,13,168,17,2,12,13,21,79,26,4,13
우크라이나,기타,1242,1276,1536,1572,1825,1433,1357,1375,1307,1622,1666,2071,2168,2098,2282,2070,2115,1689,1705,1820,1864,1894,1650,1350,1360,1506,1260,1225,1443,1173,1393,1113,1222,1454,1478,1332,1198,1330,1320,1274,1659,1473,1188,1580,1427,1620,1684,1598,1228,1281,2061,1388,1382,1329,1509,1343,830,695,650,564,666,578,472,499,394,745,909,960,1045,806,1030,915,1260,1107,940,1134,1344,1496,1362,1439,1309,1188,1235,1267,1283,1181,1075,1078,1193,1238,1349,1449
이탈리아,관광,2055,2268,2263,2411,3379,3008,1681,1828,1758,2592,2844,3152,2657,2519,2631,2683,3569,3098,1777,1799,2120,2722,2638,2554,2240,2708,2389,2389,2815,3270,1813,2120,2464,2890,3233,3020,2882,2864,3058,3312,3827,3392,1967,1968,1685,2931,3238,3400,3039,3259,3861,3550,3781,3547,2299,2006,1045,1251,1771,1706,2593,2246,1397,1403,1414,3235,3981,3026,2606,3229,6381,3554,3943,3564,2378,2008,1714,4864,5636,4300,3775,3898,8199,4764,5895,4653,3203,1935,2281,4826,8218,5083
이탈리아,상용,54,53,70,58,70,68,51,107,62,65,79,62,80,67,77,72,65,62,52,98,43,76,61,77,52,58,62,52,77,40,41,89,48,66,62,66,47,67,73,76,68,55,45,83,52,64,46,61,47,62,87,81,66,80,52,138,38,18,34,38,24,38,16,57,35,33,43,40,29,34,40,46,48,21,32,60,38,40,35,47,41,33,50,51,41,51,23,79,47,57,49,61
이탈리아,공용,4,4,9,11,5,11,11,8,9,7,8,2,12,6,8,20,5,8,6,12,4,3,12,10,17,9,22,25,28,5,7,14,15,9,18,19,15,10,13,13,14,11,12,17,14,10,18,19,13,13,30,17,16,17,9,26,4,4,6,4,4,8,7,9,2,10,10,7,2,10,7,9,12,30,7,10,6,7,6,10,8,9,11,11,5,7,8,12,12,15,11,10
이탈리아,유학연수,9,13,106,19,12,36,31,27,71,14,10,21,14,26,124,16,13,46,25,25,97,17,8,44,24,25,173,10,34,52,44,29,83,26,17,29,27,22,172,35,18,50,55,40,125,33,12,54,68,36,212,26,45,103,39,55,77,21,265,35,7,58,43,61,188,35,18,45,45,35,286,55,14,80,50,73,226,42,17,62,68,54,370,55,22,92,126,101,223,52,20,98
이탈리아,기타,1863,1162,1876,2036,1979,1475,1239,1302,1344,1790,2053,3543,3078,3611,3683,3698,2693,2595,2052,1951,1761,1159,670,1627,1100,1247,1121,831,752,577,383,509,590,554,817,1345,988,856,961,1046,1007,832,524,623,508,545,1067,1322,969,1018,1725,839,1043,675,685,655,554,287,242,260,247,298,255,285,241,524,611,786,1213,666,667,656,895,555,333,422,328,836,887,1144,1088,632,676,822,827,600,437,829,556,753,903,1105
불가리아,관광,139,174,222,177,320,168,162,191,152,270,248,350,232,236,213,257,248,225,128,195,168,213,303,242,176,233,242,301,280,206,156,152,168,227,252,329,221,255,298,348,292,194,149,154,146,212,323,330,215,311,321,370,394,275,173,132,126,106,139,180,185,124,122,99,80,236,468,350,216,272,223,418,397,266,106,136,118,739,567,377,253,264,322,513,589,286,184,163,132,780,1135,559
불가리아,상용,3,2,8,4,3,1,2,4,4,3,1,2,1,1,5,8,2,3,4,1,3,2,1,2,1,3,3,2,4,3,1,8,0,2,6,2,5,1,1,3,2,2,4,1,0,3,4,3,1,2,4,3,2,4,1,4,0,0,1,0,1,1,1,1,0,1,1,0,0,0,0,2,3,1,2,3,1,1,2,1,0,1,0,3,2,1,1,0,0,1,1,3
불가리아,공용,0,1,0,2,1,4,0,1,0,0,0,1,0,0,0,1,0,0,1,0,1,1,0,0,0,0,0,2,0,1,0,0,2,0,1,0,0,2,1,4,1,1,2,1,1,1,2,2,1,3,1,19,3,5,3,2,2,2,3,2,3,1,2,1,1,3,1,4,1,0,3,2,0,0,2,0,0,0,2,0,0,1,2,2,0,0,2,0,1,2,1,2
불가리아,유학연수,4,0,23,3,0,4,1,6,21,5,2,4,3,7,22,5,3,3,2,6,11,5,2,3,2,2,28,13,3,5,4,9,20,3,1,8,4,9,26,3,3,4,1,10,15,3,2,2,0,8,27,5,1,3,4,13,6,0,29,2,0,0,0,9,30,1,1,4,4,7,31,2,2,6,2,8,36,0,2,4,6,3,38,4,0,4,7,9,34,8,5,11
불가리아,기타,414,266,443,434,450,357,371,403,415,594,562,708,629,712,703,706,693,557,572,515,449,428,449,361,269,361,378,312,326,270,249,197,184,262,327,294,290,245,274,227,286,265,202,265,164,236,411,302,231,219,398,236,255,184,261,200,84,294,173,120,140,92,105,52,38,117,133,128,155,83,98,104,161,97,122,122,112,247,231,130,204,146,178,160,168,150,161,84,103,158,246,176
스웨덴,관광,1258,997,872,1318,1771,1298,916,744,754,1399,1380,1309,1704,1398,966,1264,1820,1191,933,798,836,1337,1584,1251,1586,1298,958,1435,1643,1272,893,788,1516,1535,1690,1437,1848,1446,1016,1346,2145,1364,1063,844,729,1261,2007,1485,1926,1558,1114,1784,2110,1354,1105,696,491,492,482,679,1165,884,677,530,514,1269,1735,1308,1823,3498,975,1485,1879,1262,909,838,690,1714,2033,1491,2084,1678,1102,1794,2218,1491,1324,686,816,1751,2525,1734
스웨덴,상용,41,48,62,55,45,59,36,72,43,37,58,66,34,27,58,42,37,34,31,65,28,35,42,43,34,34,44,30,30,35,26,30,22,36,30,19,29,29,31,27,19,35,19,29,19,30,18,24,26,19,35,26,23,26,18,33,14,14,16,13,10,17,12,30,7,21,11,11,13,19,22,12,18,24,16,22,19,19,18,22,23,12,19,12,16,8,11,20,11,12,14,14
스웨덴,공용,1,10,9,10,12,7,7,11,6,6,5,11,9,4,7,6,14,10,6,5,10,8,8,9,6,10,3,3,11,5,9,16,11,7,5,8,8,14,5,3,4,5,7,6,9,9,16,8,9,6,2,5,5,7,9,5,2,7,7,3,6,3,10,10,4,1,13,3,1,8,1,2,5,2,3,6,3,7,6,2,5,5,4,3,2,0,4,6,2,3,2,2
스웨덴,유학연수,20,15,175,46,36,98,21,29,72,30,12,32,17,5,207,19,26,103,40,25,89,27,14,41,19,6,200,26,55,69,32,31,112,27,18,42,29,15,198,66,15,81,47,18,91,47,22,36,31,13,219,66,30,93,62,12,83,8,237,14,4,31,35,37,119,7,12,43,14,25,222,14,8,48,42,25,96,19,8,45,20,22,210,12,9,56,46,33,119,18,13,55
스웨덴,기타,102,78,144,125,132,99,82,96,153,105,167,147,141,114,158,117,103,92,83,115,57,150,76,122,92,98,131,95,105,104,86,77,240,91,117,72,116,69,111,81,104,61,70,85,79,111,125,102,87,131,120,129,135,120,96,101,60,64,101,74,57,71,49,86,42,64,78,71,48,78,101,80,131,85,75,177,97,128,143,156,180,127,109,134,136,95,82,104,101,104,119,152
오스트레일리아,관광,7045,6850,6209,10384,10887,8211,11848,8117,5563,11514,12295,11084,11350,13183,7816,12881,12159,10230,14056,9892,6778,11071,17316,9696,11985,10694,8858,11728,10299,8529,13652,10107,7333,9296,14101,11067,10580,10094,10088,13874,13270,10444,15769,12795,6836,10769,18581,12114,11804,10403,12019,15818,14247,11750,17818,12320,5689,3652,3891,7357,7891,8719,15703,11087,6585,12669,19756,14005,15587,12879,10561,19980,18038,16955,21073,15505,9258,21056,24685,18609,17602,14371,12839,20357,24590,18736,24303,17544,10908,18595,34320,21133
오스트레일리아,상용,291,307,394,331,399,358,326,429,380,382,377,441,390,384,343,391,401,445,403,572,516,516,474,454,363,174,99,84,114,96,74,117,101,105,110,119,85,96,104,111,106,88,61,93,73,99,77,77,77,79,95,83,90,89,67,86,44,102,87,105,119,126,81,97,95,109,94,82,51,41,47,49,64,34,32,56,42,53,57,39,41,49,46,64,45,39,41,62,60,62,51,65
오스트레일리아,공용,43,38,48,50,99,30,14,25,32,126,30,40,56,17,16,22,43,15,7,14,16,14,21,22,24,21,32,25,80,17,21,23,18,22,31,28,15,17,19,30,27,29,35,17,31,31,67,46,61,40,42,51,37,59,25,19,15,25,34,26,23,35,5,23,27,73,51,80,30,88,69,73,69,54,27,29,47,40,48,55,50,38,64,110,71,57,22,30,28,55,45,67
오스트레일리아,유학연수,23,19,79,14,10,16,12,31,62,5,1,13,13,20,73,15,7,24,21,29,87,11,11,29,30,31,99,6,18,19,15,25,80,7,7,21,20,27,99,11,8,15,17,34,119,13,13,50,57,40,108,10,13,36,42,26,82,9,109,7,0,15,21,27,90,12,5,13,19,32,108,13,18,29,27,30,90,10,18,29,24,28,118,9,14,39,49,24,83,15,7,29
오스트레일리아,기타,1102,1803,1728,1494,2607,1144,1106,1378,1301,1292,1362,1317,1211,1513,1484,1475,1411,1213,1294,1477,1153,1189,1218,1317,1051,1316,1274,1136,1788,1529,1234,1416,1237,1263,1251,1237,1141,1257,1267,1284,1496,1135,1292,1346,1272,1351,1200,1271,1202,1278,1383,1307,1864,1412,1337,1588,1027,630,714,685,1053,874,1169,1383,1102,1316,1371,1531,1407,1402,1513,1522,1836,1537,1657,1631,1535,1712,1714,1709,1631,1712,1688,1826,2022,1665,1921,1808,1559,1847,1799,1719
뉴질랜드,관광,1743,1682,1613,2180,1956,1658,2515,1748,1244,1600,1919,2069,2158,2562,1709,2450,2166,2070,2812,2191,1360,1765,2724,2215,2471,2339,1747,2327,2038,1893,2616,2000,1446,1756,2581,2414,2320,2117,2083,2653,2616,2248,2785,2029,1221,1800,3189,2550,2949,2176,2436,3393,3111,2765,3595,2638,1288,811,765,1542,1871,1610,3298,1948,1041,1982,3553,2590,3038,2520,2006,3473,3392,2953,3644,2491,1505,3273,3400,2691,2624,2147,2250,3008,4153,3139,4038,2518,1655,3195,4484,3303
뉴질랜드,상용,31,33,45,50,41,37,40,47,35,33,34,57,33,24,25,25,29,29,17,35,24,29,19,30,27,19,11,16,18,30,11,16,11,15,11,19,16,6,21,20,16,12,15,20,14,24,19,21,12,14,21,26,19,23,14,10,5,21,24,41,38,29,20,20,24,33,23,17,16,17,10,7,16,9,7,13,10,9,7,5,18,10,7,10,5,8,13,19,10,13,17,10
뉴질랜드,공용,1,0,0,17,5,3,1,1,0,2,6,0,2,2,1,4,8,4,5,20,6,6,3,10,9,5,18,9,11,12,5,15,9,9,8,10,13,4,16,9,10,16,5,17,5,4,11,8,15,5,10,9,16,8,10,15,4,3,2,1,0,7,1,6,3,4,3,2,4,3,3,4,3,1,2,4,3,3,2,5,7,2,1,2,3,6,6,2,2,3,5,3
뉴질랜드,유학연수,2,3,5,2,0,1,3,5,8,3,3,2,1,2,10,3,1,6,3,5,15,0,1,4,3,1,12,1,0,1,0,6,8,0,1,1,0,1,9,1,0,5,2,5,11,2,2,3,1,5,11,1,0,5,3,7,5,0,10,0,0,2,5,1,19,0,0,7,1,5,14,7,3,2,1,2,15,3,0,3,0,7,7,6,2,6,1,3,14,3,3,6
뉴질랜드,기타,367,471,634,477,536,452,461,625,580,482,455,614,549,557,662,580,519,480,543,619,559,554,537,574,646,605,620,522,596,534,610,622,539,580,500,591,515,542,604,598,591,559,609,654,612,621,581,590,570,599,634,606,582,564,733,883,610,318,355,375,608,463,595,609,578,627,623,588,554,645,614,653,737,626,665,640,593,678,527,583,515,515,546,604,675,664,707,684,618,788,527,627
키리바시,관광,17,33,33,48,29,36,18,24,18,13,25,35,20,45,19,39,27,16,5,27,21,40,31,43,50,27,35,37,11,27,44,37,27,41,32,14,18,24,34,24,37,31,30,23,10,29,17,41,36,36,16,19,21,16,19,5,18,5,2,6,5,4,0,0,1,2,1,8,3,15,3,3,8,0,5,7,2,3,4,6,10,10,11,15,2,3,4,2,2,1,3,2
키리바시,공용,0,0,1,0,0,0,0,0,0,0,0,0,0,0,1,0,0,0,0,0,0,0,0,0,1,0,0,0,0,0,1,0,0,0,0,0,0,0,0,0,0,0,2,2,0,1,1,0,1,0,1,1,1,0,0,0,0,1,1,1,1,0,0,0,1,2,0,8,0,3,2,3,8,0,0,0,1,0,1,1,1,1,9,2,3,4,1,0,4,0,0,0
키리바시,유학연수,0,0,0,1,0,0,0,0,0,0,0,0,2,0,0,0,0,0,0,0,0,0,0,0,0,0,0,0,0,0,7,4,0,0,0,0,0,0,0,0,0,0,0,0,0,0,12,6,0,2,0,0,0,0,0,0,0,0,0,0,0,0,0,0,2,0,0,0,1,0,0,0,0,0,0,0,0,0,0,0,0,0,1,1,0,0,0,0,0,2,0,0
키리바시,기타,140,128,57,48,84,65,61,84,81,77,79,54,34,33,36,27,42,66,25,35,23,65,52,60,75,52,58,53,43,38,82,48,50,13,27,47,34,51,46,25,61,67,47,34,67,52,69,34,52,37,37,25,50,21,63,32,20,15,2,1,9,0,0,2,1,4,2,3,8,4,28,7,10,3,9,12,12,27,4,1,8,6,8,5,6,2,5,7,0,3,13,3
피  지,관광,262,202,334,349,297,219,236,469,137,163,206,222,339,295,267,280,273,234,280,344,164,155,179,242,251,183,253,273,258,230,278,366,191,185,189,172,270,236,288,311,198,319,194,461,218,180,194,323,280,235,294,254,61,59,55,30,19,10,31,26,45,34,38,19,12,24,35,91,30,72,61,64,78,52,40,18,18,39,50,70,57,95,43,73,91,81,56,26,20,40,69,70
피  지,상용,0,0,0,0,0,0,0,1,0,1,0,0,0,0,0,0,0,0,0,0,0,0,0,0,0,0,0,0,0,0,0,0,0,0,0,0,0,0,0,0,0,0,0,0,0,0,0,0,0,0,0,0,0,0,0,0,0,0,0,0,0,0,0,0,0,0,0,0,0,0,0,0,0,0,0,0,0,0,0,0,0,0,0,0,0,0,0,0,0,0,0,0
피  지,공용,0,0,0,0,1,3,0,1,0,0,0,0,0,0,0,1,0,0,0,1,2,1,0,0,0,1,0,1,0,0,4,3,1,4,4,1,0,3,4,2,4,2,7,2,1,4,2,2,4,2,1,1,3,2,1,3,0,1,2,3,0,3,2,1,0,0,1,1,0,0,2,1,0,1,0,0,0,0,3,0,0,0,3,0,0,1,0,3,0,0,0,1
피  지,유학연수,2,4,11,4,0,1,1,5,3,2,1,0,2,2,6,0,1,2,1,2,1,1,0,0,1,0,6,2,0,2,0,2,1,2,2,0,1,1,3,1,1,1,1,0,1,1,0,0,0,5,6,3,0,3,0,1,2,1,5,1,0,1,0,3,0,3,0,0,1,4,7,0,0,0,2,3,4,0,0,1,1,0,6,1,0,0,0,0,4,2,0,1
피  지,기타,5,7,14,7,15,7,6,12,12,8,11,7,8,9,16,7,11,6,16,10,7,12,11,16,11,13,10,8,7,27,6,22,17,8,14,15,11,10,14,7,11,5,12,9,17,9,18,11,16,8,20,15,19,17,15,15,9,3,3,5,5,3,8,4,3,13,13,5,19,11,24,15,35,12,18,13,48,20,34,15,19,28,6,24,21,22,39,13,19,13,22,11
남아프리카 공화국,관광,424,378,405,540,749,399,406,315,333,377,450,542,534,537,495,604,505,374,531,294,337,506,512,453,369,534,447,761,523,425,523,320,487,437,604,736,605,668,621,668,673,432,579,368,374,488,676,513,689,647,634,743,771,440,665,509,328,226,267,284,520,243,489,269,210,310,579,439,522,770,429,595,490,365,571,298,382,590,664,490,670,626,650,829,793,464,744,475,348,506,942,662
남아프리카 공화국,상용,26,31,31,24,28,33,27,42,20,23,33,22,18,14,19,12,18,9,11,18,12,12,13,12,11,7,13,9,10,4,9,14,10,7,7,12,7,8,3,6,11,7,5,9,6,5,7,9,3,4,6,8,9,4,3,10,7,1,2,3,3,2,1,5,3,3,3,1,3,4,3,7,4,3,3,6,7,3,6,1,6,4,8,10,3,7,0,9,6,3,3,9
남아프리카 공화국,공용,0,0,3,3,3,0,0,1,0,5,1,1,2,0,3,2,1,1,0,4,0,0,2,0,0,0,0,1,1,1,4,1,1,0,0,2,4,3,2,0,1,12,0,1,5,2,1,7,7,3,1,11,16,3,0,3,1,1,3,4,9,4,5,3,1,5,17,9,2,19,5,14,10,6,2,2,1,4,2,0,2,2,6,0,2,2,2,3,0,1,1,1
남아프리카 공화국,유학연수,1,2,4,8,3,1,3,2,13,5,0,0,1,1,7,4,1,0,3,4,14,3,1,0,6,3,9,3,1,3,1,5,8,5,0,0,1,0,14,4,1,4,3,6,8,6,1,2,3,4,11,7,0,1,3,7,6,0,11,1,1,3,2,3,14,5,0,1,2,2,18,3,0,1,1,6,13,6,3,3,3,7,18,5,5,4,1,5,9,6,1,1
남아프리카 공화국,기타,278,246,778,340,386,196,185,600,598,373,431,569,564,825,1114,791,585,537,441,813,881,460,387,343,238,299,697,207,499,157,197,563,589,345,374,337,241,269,839,369,360,245,266,616,798,444,474,533,271,275,1235,428,379,250,251,743,662,258,573,227,215,220,245,515,703,455,473,533,463,610,1065,444,789,500,362,719,1003,753,835,702,580,665,1536,760,852,481,307,838,1173,792,892,1171
나이지리아,관광,90,113,157,117,252,156,85,52,72,44,54,565,99,163,72,112,99,103,44,30,34,63,36,65,136,76,78,305,55,76,131,24,61,53,71,157,73,88,76,79,141,64,57,42,115,77,77,55,87,127,153,427,149,103,79,30,78,43,64,143,215,44,38,31,17,43,60,87,57,75,88,64,103,62,41,90,63,76,72,97,101,67,110,201,154,201,58,31,52,47,78,49
나이지리아,상용,117,90,111,127,114,155,86,73,88,90,106,127,96,97,96,107,117,111,77,77,103,140,75,83,89,89,97,118,94,97,53,58,72,92,61,84,56,71,51,76,80,62,62,60,50,76,55,71,51,54,42,80,67,50,41,49,71,24,22,34,28,24,21,17,36,44,18,31,22,26,18,27,20,22,28,29,31,40,23,24,20,20,35,42,28,19,17,22,30,46,24,33
나이지리아,공용,0,1,7,2,4,8,8,2,15,34,2,15,22,7,22,3,17,5,1,0,30,4,26,24,4,11,31,13,6,12,7,7,8,5,11,11,17,4,32,20,7,4,2,13,2,2,6,12,14,8,9,13,10,26,6,8,9,1,2,11,62,7,2,3,2,10,3,3,1,1,3,5,5,2,4,0,1,2,3,4,7,0,4,4,6,3,3,3,0,7,6,4
나이지리아,유학연수,73,6,52,21,10,12,4,16,34,18,6,7,5,13,36,23,6,3,4,12,29,19,4,9,5,22,50,32,32,7,17,13,35,27,39,31,14,16,66,43,17,28,11,17,64,30,5,13,9,13,69,37,5,10,12,14,45,5,74,30,7,11,33,23,32,33,26,5,23,56,66,30,10,7,8,24,44,27,9,3,17,21,62,20,7,9,9,29,44,22,3,4
나이지리아,기타,33,42,52,50,40,39,49,61,34,32,32,25,26,24,34,28,11,21,27,56,55,37,46,39,56,55,63,44,30,21,19,37,35,35,25,37,19,31,16,20,18,18,27,42,56,43,21,41,46,15,34,31,19,29,59,57,50,16,27,26,30,22,29,43,32,27,34,26,40,46,39,27,26,27,31,41,38,40,31,35,22,28,42,20,35,24,27,34,40,26,18,32
이집트,관광,403,322,474,658,675,523,488,367,406,572,504,725,394,636,411,529,634,520,370,273,323,518,434,419,309,467,431,479,626,652,470,444,506,604,659,557,451,564,328,121,193,141,100,99,99,156,212,103,151,260,150,173,242,235,168,112,87,81,103,123,200,160,139,78,87,108,105,219,158,258,359,202,278,191,171,112,146,79,163,151,210,167,172,336,250,210,175,125,141,179,250,246
이집트,상용,47,33,31,42,86,50,53,38,44,52,54,70,34,46,38,58,77,37,27,27,59,60,55,61,28,70,48,57,75,69,52,63,46,56,79,37,43,42,31,124,228,194,126,141,132,148,103,81,141,95,83,151,179,157,120,95,86,44,49,60,79,85,58,60,72,82,36,78,59,55,77,130,115,130,116,121,105,105,123,136,134,116,110,159,170,144,99,105,141,57,144,152
이집트,공용,0,0,0,0,10,2,0,0,12,59,4,2,1,0,0,0,3,1,2,0,1,0,0,6,8,19,85,25,5,1,2,7,5,5,2,4,1,3,1,10,19,1,7,2,8,0,7,1,7,12,7,4,13,14,9,2,3,2,2,4,7,9,2,0,12,3,2,4,11,4,2,9,13,10,1,2,0,6,4,9,6,0,1,4,24,6,5,1,0,10,13,2
이집트,유학연수,8,15,43,11,3,8,7,16,32,24,2,5,1,13,42,17,5,2,9,12,38,17,4,3,3,9,49,9,8,5,4,13,50,19,6,11,5,15,42,32,12,5,10,7,31,27,8,0,11,14,50,28,5,7,4,16,25,8,51,23,0,5,7,9,46,22,3,9,11,13,54,17,6,5,9,13,56,15,3,6,7,10,81,20,4,12,13,23,55,25,12,11
이집트,기타,62,92,89,132,128,77,84,97,97,96,128,170,101,147,149,124,147,115,140,131,139,155,123,98,93,180,149,156,149,132,140,116,133,122,101,123,135,149,140,179,133,133,144,141,167,182,159,137,172,174,172,197,215,124,138,137,114,178,183,195,238,174,157,152,159,191,150,185,177,170,247,192,227,154,140,158,206,171,214,227,209,183,245,260,218,183,180,167,179,164,246,195
