국적,목적,data_size,mean,std,min,max,zero_count,zero_ratio,cv,quality_grade,problem_type
그리스,공용,245,0.889795918367347,1.5311311710947648,0,10,139,56.734693877551024,1.7207666831110888,매우나쁨,높은_0값_비율
그리스,관광,245,376.9387755102041,154.06444363829198,30,1094,0,0.0,0.4087253783582191,좋음,정상
그리스,상용,245,24.13061224489796,12.279167418537481,2,67,0,0.0,0.5088626551998787,좋음,정상
그리스,유학연수,245,1.6979591836734693,3.2426771091788917,0,25,114,46.53061224489796,1.9097497397808378,매우나쁨,높은_0값_비율
나이지리아,공용,245,6.395918367346939,9.550254463687219,0,81,34,13.877551020408163,1.4931795428228263,좋음,정상
나이지리아,관광,245,88.31020408163265,69.95608764595596,0,565,7,2.857142857142857,0.7921631296570166,좋음,정상
나이지리아,상용,245,95.63673469387756,57.272739395096764,0,239,3,1.2244897959183674,0.5988571188510395,좋음,정상
나이지리아,유학연수,245,15.534693877551021,17.3792031243631,0,99,16,6.530612244897959,1.1187348306539568,좋음,정상
네덜란드,공용,245,3.7714285714285714,4.370729766128832,0,19,57,23.26530612244898,1.1589056198068874,좋음,정상
네덜란드,관광,245,1670.0408163265306,1005.9735387286695,2,5959,0,0.0,0.6023646421657152,좋음,정상
네덜란드,상용,245,40.06122448979592,21.664173192942858,3,98,0,0.0,0.5407766105217524,좋음,정상
네덜란드,유학연수,245,48.70612244897959,75.1928351797031,0,456,5,2.0408163265306123,1.5438066386514087,좋음,정상
노르웨이,공용,245,1.2612244897959184,2.110941085149361,0,15,141,57.55102040816327,1.673723514115189,매우나쁨,높은_0값_비율
노르웨이,관광,245,696.5551020408163,360.5343285656337,0,1890,1,0.40816326530612246,0.5175962784700231,좋음,정상
노르웨이,상용,245,172.5061224489796,160.98886583046166,0,651,1,0.40816326530612246,0.9332356645954738,좋음,정상
노르웨이,유학연수,245,15.142857142857142,21.22923286105394,0,117,17,6.938775510204081,1.4019304719563923,좋음,정상
뉴질랜드,공용,245,3.0040816326530613,3.9009225045816303,0,20,64,26.122448979591837,1.2985407793783958,좋음,정상
뉴질랜드,관광,245,1736.4285714285713,886.7541982966426,2,4484,0,0.0,0.5106770372749073,좋음,정상
뉴질랜드,상용,245,29.073469387755104,17.53809408292586,0,96,3,1.2244897959183674,0.6032336164982219,좋음,정상
뉴질랜드,유학연수,245,2.3469387755102042,3.0778892890655434,0,19,73,29.795918367346943,1.3114484796887966,좋음,정상
대만,공용,245,9.546938775510204,7.278620783399234,0,56,12,4.8979591836734695,0.7624036305826474,좋음,정상
대만,관광,245,49235.39591836735,35924.897928177656,31,150603,0,0.0,0.729655916400904,좋음,정상
대만,상용,245,86.34693877551021,207.3475888039299,6,2525,0,0.0,2.401331092269573,주의,높은_변동성
대만,유학연수,245,188.31020408163266,230.42624815344482,10,1179,0,0.0,1.2236524795733046,좋음,정상
대양주,공용,245,42.179591836734694,26.627061450187558,0,155,2,0.8163265306122449,0.6312783099763839,좋음,정상
대양주,관광,245,10509.648979591837,6224.499180529373,27,39062,0,0.0,0.5922651834153945,좋음,정상
대양주,상용,245,302.7061224489796,197.85085913981268,0,969,1,0.40816326530612246,0.6536070613278063,좋음,정상
대양주,유학연수,245,23.706122448979592,28.258528439660633,0,135,3,1.2244897959183674,1.1920350323203952,좋음,정상
덴마크,공용,245,2.012244897959184,2.8779569720935396,0,18,109,44.48979591836735,1.4302220246712316,매우나쁨,높은_0값_비율
덴마크,관광,245,616.3836734693878,347.61784141033127,3,2028,0,0.0,0.5639634149518002,좋음,정상
덴마크,상용,245,32.33877551020408,23.030172798965655,0,107,1,0.40816326530612246,0.7121535195944195,좋음,정상
덴마크,유학연수,245,17.555102040816326,28.473348634627666,0,162,21,8.571428571428571,1.621941505576326,좋음,정상
독일,공용,245,15.914285714285715,9.682077408842572,1,81,0,0.0,0.6083890651875943,좋음,정상
독일,관광,245,6162.836734693878,3336.0725666502685,12,25717,0,0.0,0.5413209387601892,좋음,정상
독일,상용,245,193.95102040816326,63.42619992612874,9,342,0,0.0,0.3270217387495589,좋음,정상
독일,유학연수,245,164.0,236.08379312661253,2,1379,0,0.0,1.4395353239427593,좋음,정상
러시아(연방),공용,245,22.33061224489796,21.962544532192485,0,176,3,1.2244897959183674,0.9835173479047996,좋음,정상
러시아(연방),관광,245,7968.804081632653,5840.247211039003,67,25818,0,0.0,0.7328887937526567,좋음,정상
러시아(연방),상용,245,336.4204081632653,273.99195047676534,2,1113,0,0.0,0.8144332027080732,좋음,정상
러시아(연방),유학연수,245,121.71836734693878,150.16091870230497,3,1124,0,0.0,1.2336750974838107,좋음,정상
루마니아,공용,245,2.6408163265306124,5.8437271387243515,0,51,111,45.30612244897959,2.2128487619589894,매우나쁨,높은_0값_비율
루마니아,관광,245,345.18367346938777,267.6999079491036,34,2070,0,0.0,0.7755288807795954,좋음,정상
루마니아,상용,245,12.477551020408164,7.206306018823751,0,38,1,0.40816326530612246,0.5775416992514946,좋음,정상
루마니아,유학연수,245,5.8244897959183675,7.873345015070144,0,47,34,13.877551020408163,1.3517656122580135,좋음,정상
말레이시아,공용,245,5.09795918367347,4.561801924854463,0,32,18,7.346938775510205,0.8948290405038778,좋음,정상
말레이시아,관광,245,13645.722448979592,11309.020760887775,2,55329,0,0.0,0.8287594008431154,좋음,정상
말레이시아,상용,245,89.07755102040817,59.52074739976893,1,262,0,0.0,0.6681902086209397,좋음,정상
말레이시아,유학연수,245,121.31428571428572,169.6323266052441,2,764,0,0.0,1.3982881373489267,좋음,정상
멕시코,공용,245,3.6979591836734693,3.8451848639137576,0,25,40,16.3265306122449,1.0398126839501882,좋음,정상
멕시코,관광,245,987.3469387755102,1335.3817952092377,12,9516,0,0.0,1.3524949972148128,좋음,정상
멕시코,상용,245,8.918367346938776,6.576899260357925,0,35,11,4.489795918367347,0.7374555234726277,좋음,정상
멕시코,유학연수,245,38.436734693877554,54.237345331776154,0,313,3,1.2244897959183674,1.411080981871632,좋음,정상
몽골,공용,245,124.60408163265306,131.87439061965284,0,425,3,1.2244897959183674,1.0583472779682568,좋음,정상
몽골,관광,245,4204.2,3123.164463683127,0,12622,1,0.40816326530612246,0.7428677188723484,좋음,정상
몽골,상용,245,197.23265306122448,169.11088295164956,0,851,3,1.2244897959183674,0.8574182840766968,좋음,정상
몽골,유학연수,245,468.0734693877551,542.5535958927861,24,3856,0,0.0,1.1591205897707721,좋음,정상
미국,공용,245,1997.004081632653,799.6324283538501,186,4329,0,0.0,0.4004160210329213,좋음,정상
미국,관광,245,44995.22857142857,23476.059556842018,1793,129889,0,0.0,0.5217455339642176,좋음,정상
미국,상용,245,907.3836734693878,844.0262066057369,32,3235,0,0.0,0.930175659187912,좋음,정상
미국,유학연수,245,257.9428571428571,353.69053807150607,7,2055,0,0.0,1.3711972565909076,좋음,정상
미상,공용,245,2.877551020408163,10.161064898895116,0,94,202,82.44897959183673,3.5311502130912107,매우나쁨,높은_0값_비율
미상,관광,245,17.10612244897959,12.6447748581955,0,59,3,1.2244897959183674,0.7391958578520396,좋음,정상
미상,상용,245,1.3306122448979592,1.8289793895029263,0,11,106,43.26530612244898,1.3745397252399292,매우나쁨,높은_0값_비율
미상,유학연수,245,0.4489795918367347,1.0913449457277047,0,8,188,76.73469387755102,2.4307228336662514,매우나쁨,높은_0값_비율
미얀마,공용,245,37.204081632653065,43.85799532313123,0,255,28,11.428571428571429,1.178849024044668,좋음,정상
미얀마,관광,245,1039.2163265306122,478.7996840404868,41,2716,0,0.0,0.4607314875805916,좋음,정상
미얀마,상용,245,24.853061224489796,16.049706371360568,0,80,11,4.489795918367347,0.6457838825723993,좋음,정상
미얀마,유학연수,245,76.18775510204081,137.24199883013438,0,822,2,0.8163265306122449,1.8013655691301256,좋음,정상
방글라데시,공용,245,37.118367346938776,34.27920361680254,0,197,18,7.346938775510205,0.9235105438879065,좋음,정상
방글라데시,관광,245,196.534693877551,107.15480136389705,0,865,1,0.40816326530612246,0.5452207915547918,좋음,정상
방글라데시,상용,245,88.61632653061224,48.147056780391594,0,205,6,2.4489795918367347,0.543320386495138,좋음,정상
방글라데시,유학연수,245,66.31020408163265,93.53623003882619,0,565,1,0.40816326530612246,1.410585766312472,좋음,정상
베네수엘라,공용,245,1.2857142857142858,2.01021979060932,0,15,118,48.16326530612245,1.5635042815850266,매우나쁨,높은_0값_비율
베네수엘라,관광,245,77.28163265306122,54.86449654312045,0,510,2,0.8163265306122449,0.7099293151507611,좋음,정상
베네수엘라,상용,245,3.269387755102041,2.9212480547516724,0,16,46,18.775510204081634,0.8935153226144316,좋음,정상
베네수엘라,유학연수,245,1.6653061224489796,2.173381347986091,0,11,91,37.142857142857146,1.3050941918053733,좋음,정상
베트남,공용,245,130.20816326530613,164.1443335244015,0,708,6,2.4489795918367347,1.2606301280047136,좋음,정상
베트남,관광,245,9359.216326530612,10920.637856966552,50,53659,0,0.0,1.166832507761336,좋음,정상
베트남,상용,245,472.9918367346939,326.26353362843196,0,1586,1,0.40816326530612246,0.6897868172118933,좋음,정상
베트남,유학연수,245,1548.2938775510204,2392.457578671156,22,17304,0,0.0,1.545221881556086,좋음,정상
벨기에,공용,245,2.1877551020408164,2.7604965588195545,0,20,71,28.97959183673469,1.2617941360275948,좋음,정상
벨기에,관광,245,626.3428571428572,425.97070052401267,1,2642,0,0.0,0.6800918948243976,좋음,정상
벨기에,상용,245,19.571428571428573,8.094219755024135,1,44,0,0.0,0.4135732721545178,좋음,정상
벨기에,유학연수,245,15.29795918367347,25.386298177604818,0,169,22,8.979591836734693,1.659456524416537,좋음,정상
불가리아,공용,245,0.7428571428571429,1.5051823047364739,0,19,140,57.14285714285714,2.026206948683715,매우나쁨,높은_0값_비율
불가리아,관광,245,178.58775510204083,126.39450605514224,3,1135,0,0.0,0.7077445258378627,좋음,정상
불가리아,상용,245,2.3020408163265307,2.4758248994533982,0,16,58,23.6734693877551,1.07549131270582,좋음,정상
불가리아,유학연수,245,5.171428571428572,7.039932935597108,0,38,38,15.510204081632653,1.3613129985961256,좋음,정상
브라질,공용,245,6.240816326530612,10.626828065830177,0,135,37,15.10204081632653,1.7027945560028734,좋음,정상
브라질,관광,245,878.4122448979592,637.4256734660994,1,3884,0,0.0,0.7256566346478309,좋음,정상
브라질,상용,245,27.76326530612245,22.585200197974842,0,142,1,0.40816326530612246,0.8134922153048862,좋음,정상
브라질,유학연수,245,24.60816326530612,31.52727050581775,0,191,5,2.0408163265306123,1.2811712181000745,좋음,정상
사우디아라비아,공용,245,8.66530612244898,11.861315255844435,0,60,44,17.959183673469386,1.3688281854365927,좋음,정상
사우디아라비아,관광,245,535.0775510204081,587.2117553323803,0,3576,7,2.857142857142857,1.0974329874474285,좋음,정상
사우디아라비아,상용,245,40.03265306122449,32.481377942051445,0,150,2,0.8163265306122449,0.8113721039766114,좋음,정상
사우디아라비아,유학연수,245,41.57959183673469,54.43433771787382,0,337,12,4.8979591836734695,1.309159982416716,좋음,정상
스리랑카,공용,245,5.355102040816327,7.267744289614016,0,87,36,14.69387755102041,1.3571626150574954,좋음,정상
스리랑카,관광,245,192.31020408163266,120.79362607508733,10,653,0,0.0,0.6281186515917394,좋음,정상
스리랑카,상용,245,44.49387755102041,26.811977444663448,0,137,12,4.8979591836734695,0.6025992545585308,좋음,정상
스리랑카,유학연수,245,20.526530612244898,25.84419565356198,0,211,10,4.081632653061225,1.259063021499838,좋음,정상
스웨덴,공용,245,5.3428571428571425,3.743409509270708,0,19,15,6.122448979591836,0.7006381434463892,좋음,정상
스웨덴,관광,245,968.5632653061225,523.0899848511623,0,3498,1,0.40816326530612246,0.5400679579622869,좋음,정상
스웨덴,상용,245,40.053061224489795,21.642996652845667,1,95,0,0.0,0.5403581147403637,좋음,정상
스웨덴,유학연수,245,33.987755102040815,44.303210263048776,0,237,6,2.4489795918367347,1.303505045568266,좋음,정상
스위스,공용,245,1.126530612244898,1.5352117798857698,0,9,120,48.97959183673469,1.362778572724687,매우나쁨,높은_0값_비율
스위스,관광,245,899.8204081632653,606.0469064853713,0,3995,1,0.40816326530612246,0.6735198501692673,좋음,정상
스위스,상용,245,15.987755102040817,8.414215933516608,0,39,3,1.2244897959183674,0.5262912697757388,좋음,정상
스위스,유학연수,245,19.016326530612243,25.823957511045535,0,144,9,3.6734693877551026,1.3579887508491428,좋음,정상
스페인,공용,245,7.63265306122449,4.798795432663287,0,26,7,2.857142857142857,0.6287191877018744,좋음,정상
스페인,관광,245,1238.1142857142856,1023.1000600072726,1,6386,0,0.0,0.8263373355853266,좋음,정상
스페인,상용,245,16.3265306122449,8.793598069753854,1,43,0,0.0,0.5386078817724235,좋음,정상
스페인,유학연수,245,48.60408163265306,68.3368763684483,0,398,4,1.6326530612244898,1.4059904862504058,좋음,정상
싱가포르,공용,245,5.375510204081633,6.188120911460479,0,40,21,8.571428571428571,1.1511690381987982,좋음,정상
싱가포르,관광,245,12260.448979591836,10889.59245925846,1,59721,0,0.0,0.8881887178344579,좋음,정상
싱가포르,상용,245,122.78367346938775,76.89117108854795,5,471,0,0.0,0.6262328607371268,좋음,정상
싱가포르,유학연수,245,53.84897959183674,86.72486672921673,0,590,8,3.2653061224489797,1.6105201507358522,좋음,정상
아르헨티나,공용,245,1.073469387755102,2.3212114832741197,0,19,145,59.183673469387756,2.16234529810707,매우나쁨,높은_0값_비율
아르헨티나,관광,245,214.20408163265307,155.41090162510395,0,1005,7,2.857142857142857,0.7255272655897573,좋음,정상
아르헨티나,상용,245,3.3755102040816327,2.4921623546108935,0,12,26,10.612244897959183,0.7383068644252344,좋음,정상
아르헨티나,유학연수,245,3.779591836734694,6.52426051308162,0,48,70,28.57142857142857,1.7261812372624157,좋음,정상
에콰도르,공용,245,1.7591836734693878,4.878352918735212,0,52,133,54.285714285714285,2.773077645220712,매우나쁨,높은_0값_비율
에콰도르,관광,245,74.90612244897959,67.62301604060238,0,373,11,4.489795918367347,0.9027702119631421,좋음,정상
에콰도르,상용,245,0.7755102040816326,1.597453225699297,0,16,159,64.89795918367346,2.059873896296462,매우나쁨,높은_0값_비율
에콰도르,유학연수,245,7.412244897959184,11.590584658534892,0,66,52,21.224489795918366,1.563707732015996,좋음,정상
영국,공용,245,10.869387755102041,8.946063427738936,0,56,6,2.4489795918367347,0.823051272923785,좋음,정상
영국,관광,245,6672.085714285714,3379.0698965209003,109,22876,0,0.0,0.5064488139422306,좋음,정상
영국,상용,245,276.9714285714286,193.05491446736082,5,1012,0,0.0,0.6970210446005393,좋음,정상
영국,유학연수,245,32.31428571428572,49.76991322370456,0,323,6,2.4489795918367347,1.5401829910076565,좋음,정상
오스트레일리아,공용,245,33.83265306122449,22.75098077290604,0,126,5,2.0408163265306123,0.6724563022514151,좋음,정상
오스트레일리아,관광,245,8474.889795918367,5334.492366043752,20,34320,0,0.0,0.6294468122302809,좋음,정상
오스트레일리아,상용,245,271.83673469387753,182.4566360943549,0,872,1,0.40816326530612246,0.671199336983738,좋음,정상
오스트레일리아,유학연수,245,19.02857142857143,23.714732226828197,0,119,8,3.2653061224489797,1.2462697116201005,좋음,정상
요르단,공용,245,2.012244897959184,6.674812966405913,0,76,119,48.57142857142857,3.3170977216418835,매우나쁨,높은_0값_비율
요르단,관광,245,66.55102040816327,50.74900516851384,0,300,5,2.0408163265306123,0.7625578820169205,좋음,정상
요르단,상용,245,112.06938775510204,60.54505910477476,0,311,1,0.40816326530612246,0.5402461842397136,좋음,정상
요르단,유학연수,245,4.106122448979592,5.213963289251864,0,26,56,22.857142857142858,1.269802192710444,좋음,정상
우즈베키스탄,공용,245,4.09795918367347,7.173393742519118,0,71,78,31.83673469387755,1.7504795487222946,좋음,정상
우즈베키스탄,관광,245,1021.2285714285714,1029.8512052321116,0,3668,2,0.8163265306122449,1.008443392639787,좋음,정상
우즈베키스탄,상용,245,453.18367346938777,293.3988412727985,0,1198,4,1.6326530612244898,0.6474170594599264,좋음,정상
우즈베키스탄,유학연수,245,255.96326530612245,459.2119616192637,0,2845,1,0.40816326530612246,1.7940541626942579,좋음,정상
우크라이나,공용,245,2.363265306122449,3.943592742704017,0,29,91,37.142857142857146,1.6687050465673303,좋음,정상
우크라이나,관광,245,453.41632653061225,166.35052778097128,60,844,0,0.0,0.3668825272654583,좋음,정상
우크라이나,상용,245,53.93061224489796,45.215776860324276,0,187,2,0.8163265306122449,0.8384065186391771,좋음,정상
우크라이나,유학연수,245,12.869387755102041,17.635171220259878,0,168,7,2.857142857142857,1.3703193621832128,좋음,정상
이라크,공용,245,3.783673469387755,7.856169835429013,0,60,115,46.93877551020408,2.076333991024928,매우나쁨,높은_0값_비율
이라크,관광,245,76.53877551020408,52.828786304711805,0,266,6,2.4489795918367347,0.6902225173130543,좋음,정상
이라크,상용,245,78.08571428571429,39.49191658314187,0,234,3,1.2244897959183674,0.5057508526929987,좋음,정상
이라크,유학연수,245,3.269387755102041,4.496000229786793,0,28,59,24.081632653061224,1.3751810940046993,좋음,정상
이란,공용,245,4.575510204081633,8.022471784282484,0,76,68,27.755102040816325,1.7533502115514794,좋음,정상
이란,관광,245,165.41224489795917,125.52825041689485,0,906,7,2.857142857142857,0.7588812454261274,좋음,정상
이란,상용,245,186.22448979591837,132.001873016102,0,606,8,3.2653061224489797,0.7088319756481093,좋음,정상
이란,유학연수,245,18.224489795918366,18.743157555997676,0,111,15,6.122448979591836,1.028459933083859,좋음,정상
이스라엘,공용,245,1.9142857142857144,3.5408621715668045,0,24,121,49.38775510204081,1.8497041194751962,매우나쁨,높은_0값_비율
이스라엘,관광,245,814.6163265306122,500.7859557763614,0,2993,5,2.0408163265306123,0.6147506985394829,좋음,정상
이스라엘,상용,245,7.546938775510204,5.03378349218917,0,36,2,0.8163265306122449,0.6669967309823399,좋음,정상
이스라엘,유학연수,245,3.9551020408163264,5.408897543214109,0,36,50,20.408163265306122,1.3675747142285415,좋음,정상
이집트,공용,245,4.151020408163265,8.056005865928652,0,85,71,28.97959183673469,1.940729043414474,좋음,정상
이집트,관광,245,226.33061224489796,171.29782113693963,0,725,1,0.40816326530612246,0.7568477787334802,좋음,정상
이집트,상용,245,79.92244897959183,42.25059542361563,0,228,2,0.8163265306122449,0.5286449046926015,좋음,정상
이집트,유학연수,245,10.522448979591836,12.631136153778728,0,81,17,6.938775510204081,1.200398897469274,좋음,정상
이탈리아,공용,245,8.155102040816326,5.316270310098688,0,30,6,2.4489795918367347,0.6518950079950845,좋음,정상
이탈리아,관광,245,1993.6244897959184,1258.7023558845306,2,8218,0,0.0,0.6313638111525106,좋음,정상
이탈리아,상용,245,43.13469387755102,25.057356753404385,4,177,0,0.0,0.5809095765124975,좋음,정상
이탈리아,유학연수,245,32.391836734693875,51.41164566649438,0,370,8,3.2653061224489797,1.5871790811858775,좋음,정상
인도,공용,245,36.49387755102041,36.22025296235624,0,202,4,1.6326530612244898,0.9925021782549244,좋음,정상
인도,관광,245,2223.922448979592,1284.3919393227507,46,8687,0,0.0,0.5775344998707448,좋음,정상
인도,상용,245,1799.126530612245,801.2017180091309,7,3492,0,0.0,0.4453281658497254,좋음,정상
인도,유학연수,245,98.61632653061224,98.00480781728403,2,560,0,0.0,0.9937990114330776,좋음,정상
인도네시아,공용,245,72.65306122448979,100.18216011723062,0,544,3,1.2244897959183674,1.3789117544225564,좋음,정상
인도네시아,관광,245,7454.408163265306,5896.239756586074,557,24232,0,0.0,0.7909735591944436,좋음,정상
인도네시아,상용,245,270.265306122449,161.01842572373306,0,702,1,0.40816326530612246,0.5957791180595726,좋음,정상
인도네시아,유학연수,245,150.69387755102042,214.93096528748754,4,1445,0,0.0,1.4262753655318106,좋음,정상
일본,공용,245,130.09795918367348,98.56905811221631,2,679,0,0.0,0.7576526083169038,좋음,정상
일본,관광,245,187857.85714285713,89064.21048303977,16,377064,0,0.0,0.4741042607300189,좋음,정상
일본,상용,245,1757.3877551020407,850.7898744726489,53,4177,0,0.0,0.4841218860223871,좋음,정상
일본,유학연수,245,686.8530612244898,593.3263301575394,29,3202,0,0.0,0.8638329850343605,좋음,정상
중국,공용,245,232.81632653061226,169.80409076505984,0,801,2,0.8163265306122449,0.729347865312757,좋음,정상
중국,관광,245,184243.68979591836,179231.16615918232,179,823016,0,0.0,0.9727940552955259,좋음,정상
중국,상용,245,6715.244897959184,5096.9342542589475,70,25012,0,0.0,0.7590094377359113,좋음,정상
중국,유학연수,245,9976.057142857142,10297.535924262436,264,46050,0,0.0,1.0322250340792678,좋음,정상
중동,공용,245,67.91836734693878,50.74172658666288,2,239,0,0.0,0.747098738806034,좋음,정상
중동,관광,245,5954.187755102041,4410.036460093913,9,20329,0,0.0,0.7406613028477358,좋음,정상
중동,상용,245,1194.865306122449,511.4171108707664,12,2388,0,0.0,0.42801235273154437,좋음,정상
중동,유학연수,245,510.43265306122447,732.6352449944627,13,4071,0,0.0,1.4353220559081001,좋음,정상
칠레,공용,245,0.9224489795918367,2.445744489734481,0,22,169,68.9795918367347,2.651360176924548,매우나쁨,높은_0값_비율
칠레,관광,245,214.24897959183673,177.83389067648164,0,1386,6,2.4489795918367347,0.8300337813289517,좋음,정상
칠레,상용,245,4.420408163265306,3.5860030487308365,0,19,31,12.653061224489795,0.8112379934801984,좋음,정상
칠레,유학연수,245,5.583673469387755,7.849907249602827,0,50,34,13.877551020408163,1.405867891924483,좋음,정상
카자흐스탄,공용,245,5.220408163265306,7.943472926107443,0,87,51,20.816326530612244,1.521619129707837,좋음,정상
카자흐스탄,관광,245,1277.7469387755102,1234.777441136734,4,4628,0,0.0,0.9663708858657454,좋음,정상
카자흐스탄,상용,245,45.093877551020405,46.18418404394103,0,212,8,3.2653061224489797,1.0241785925747242,좋음,정상
카자흐스탄,유학연수,245,83.0204081632653,133.4007412967456,1,868,0,0.0,1.6068427540660115,좋음,정상
캐나다,공용,245,14.653061224489797,14.157705166816356,0,70,4,1.6326530612244898,0.9661943637520911,좋음,정상
캐나다,관광,245,8050.689795918367,4746.223357310253,40,26719,0,0.0,0.5895424463772718,좋음,정상
캐나다,상용,245,74.55102040816327,42.71333209559514,3,218,0,0.0,0.5729409451640192,좋음,정상
캐나다,유학연수,245,33.436734693877554,38.93764821237246,0,203,1,0.40816326530612246,1.1645170668983462,좋음,정상
콜롬비아,공용,245,3.6653061224489796,6.568228016037436,0,73,65,26.53061224489796,1.7919998484734652,좋음,정상
콜롬비아,관광,245,250.10204081632654,235.6686724016489,0,1555,11,4.489795918367347,0.9422900814101017,좋음,정상
콜롬비아,상용,245,1.3755102040816327,1.5959131478593074,0,13,88,35.91836734693877,1.1602335941410395,좋음,정상
콜롬비아,유학연수,245,11.33061224489796,14.567285997910913,0,80,17,6.938775510204081,1.2856574457810424,좋음,정상
쿠바,공용,245,0.3469387755102041,1.0741184034345819,0,11,198,80.81632653061224,3.095988339311442,매우나쁨,높은_0값_비율
쿠바,관광,245,7.383673469387755,11.47697886324476,0,69,51,20.816326530612244,1.5543724828606778,좋음,정상
쿠바,상용,245,1.6,3.0412465088954646,0,24,142,57.95918367346938,1.9007790680596652,매우나쁨,높은_0값_비율
쿠바,유학연수,245,0.3346938775510204,0.9377228741434595,0,6,202,82.44897959183673,2.8017329776237507,매우나쁨,높은_0값_비율
키리바시,공용,245,0.32653061224489793,1.0974589708533942,0,9,206,84.08163265306122,3.3609680982385197,매우나쁨,높은_0값_비율
키리바시,관광,245,20.63673469387755,15.196347353908298,0,79,21,8.571428571428571,0.7363736356225342,좋음,정상
키리바시,상용,245,0.004081632653061225,0.06388765649999399,0,1,244,99.59183673469387,15.652475842498527,매우나쁨,높은_0값_비율
키리바시,유학연수,245,0.17551020408163265,1.035146820235966,0,12,232,94.6938775510204,5.8979295571584105,매우나쁨,높은_0값_비율
태국,공용,245,124.83265306122449,144.68785138788914,0,659,2,0.8163265306122449,1.159054524916062,좋음,정상
태국,관광,245,20206.065306122448,14903.918004644293,25,61999,0,0.0,0.7375962503757918,좋음,정상
태국,상용,245,40.75918367346939,24.518376500415478,0,123,1,0.40816326530612246,0.6015423835972153,좋음,정상
태국,유학연수,245,84.03673469387755,91.41776447400815,2,465,0,0.0,1.0878309920895624,좋음,정상
터키,공용,245,21.76326530612245,29.667437397812012,0,142,45,18.367346938775512,1.3631887026376488,좋음,정상
터키,관광,245,945.0612244897959,772.3831496367311,2,5848,0,0.0,0.8172837162520477,좋음,정상
터키,상용,245,15.310204081632653,5.654109375227229,1,35,0,0.0,0.36930333162641193,좋음,정상
터키,유학연수,245,34.08571428571429,46.12355111234514,0,264,5,2.0408163265306123,1.3531636956681306,좋음,정상
파키스탄,공용,245,11.46938775510204,12.476374461580862,0,52,19,7.755102040816326,1.0877977733406803,좋음,정상
파키스탄,관광,245,209.93061224489796,113.97738164330221,0,531,1,0.40816326530612246,0.5429288297903883,좋음,정상
파키스탄,상용,245,203.20816326530613,86.46425357454225,4,405,0,0.0,0.4254959652465121,좋음,정상
파키스탄,유학연수,245,75.77142857142857,89.58994015540573,0,463,1,0.40816326530612246,1.1823710050675718,좋음,정상
페루,공용,245,3.085714285714286,4.491887040023142,0,36,92,37.55102040816327,1.4557041333408332,좋음,정상
페루,관광,245,161.38367346938776,115.85551230887532,0,642,7,2.857142857142857,0.7178886799280318,좋음,정상
페루,상용,245,2.085714285714286,2.3774900665183534,0,20,54,22.040816326530614,1.1398924976457858,좋음,정상
페루,유학연수,245,7.408163265306122,10.724031477050792,0,54,33,13.46938775510204,1.4475965354696663,좋음,정상
폴란드,공용,245,1.1959183673469387,2.3229044128722958,0,19,132,53.87755102040816,1.9423603452345137,매우나쁨,높은_0값_비율
폴란드,관광,245,817.534693877551,799.03139353143,13,5145,0,0.0,0.9773669539841052,좋음,정상
폴란드,상용,245,18.6734693877551,11.310425618345068,0,80,1,0.40816326530612246,0.6056949238239435,좋음,정상
폴란드,유학연수,245,20.289795918367346,27.15351202187508,0,190,5,2.0408163265306123,1.3382841370668668,좋음,정상
프랑스,공용,245,30.73061224489796,16.27406420066071,0,80,1,0.40816326530612246,0.5295717531095596,좋음,정상
프랑스,관광,245,4877.477551020408,3330.7554237952563,7,20832,0,0.0,0.6828848290851559,좋음,정상
프랑스,상용,245,246.15510204081633,117.83605772641003,8,626,0,0.0,0.4787065421332237,좋음,정상
프랑스,유학연수,245,245.44489795918366,337.9217492728892,2,1838,0,0.0,1.3767723512797727,좋음,정상
피지,공용,245,0.5510204081632653,1.0685754361281912,0,7,173,70.61224489795919,1.9392665322326434,매우나쁨,높은_0값_비율
피지,관광,245,205.80816326530612,146.4680906287518,0,698,18,7.346938775510205,0.7116728914194751,좋음,정상
피지,상용,245,0.15510204081632653,0.39518683301398244,0,2,210,85.71428571428571,2.54791510759015,매우나쁨,높은_0값_비율
피지,유학연수,245,1.3755102040816327,1.9642846497761646,0,14,116,47.3469387755102,1.4280407691251047,매우나쁨,높은_0값_비율
필리핀,공용,245,100.29795918367347,53.59384480270129,5,270,0,0.0,0.534346314111497,좋음,정상
필리핀,관광,245,10575.118367346939,8498.773894588654,438,43794,0,0.0,0.8036575666926371,좋음,정상
필리핀,상용,245,232.0081632653061,131.24170518165948,1,702,0,0.0,0.5656771009026174,좋음,정상
필리핀,유학연수,245,72.13877551020408,69.09892177377125,1,336,0,0.0,0.957861029454224,좋음,정상
홍콩,공용,245,1.5224489795918368,1.9217548019720527,0,10,108,44.08163265306123,1.2622786232792302,매우나쁨,높은_0값_비율
홍콩,관광,245,28718.485714285714,20395.3917013736,3,77904,0,0.0,0.7101833956108669,좋음,정상
홍콩,상용,245,46.70204081632653,35.56863884925162,2,478,0,0.0,0.7616078061585952,좋음,정상
홍콩,유학연수,245,95.79591836734694,109.71168990269354,1,489,0,0.0,1.1452647646425187,좋음,정상
